{"v":"5.5.1","fr":60,"ip":0,"op":151,"w":128,"h":128,"nm":"emoji-head-cry","ddd":0,"assets":[],"layers":[{"ddd":0,"ind":1,"ty":3,"nm":"sad null","sr":1,"ks":{"o":{"a":0,"k":0,"ix":11},"r":{"a":1,"k":[{"i":{"x":[0.667],"y":[1]},"o":{"x":[0.516],"y":[0]},"t":50,"s":[0],"e":[10]},{"i":{"x":[0.501],"y":[1]},"o":{"x":[0.333],"y":[0]},"t":65,"s":[10],"e":[0]},{"t":80}],"ix":10},"p":{"s":true,"x":{"a":1,"k":[{"i":{"x":[0.667],"y":[1]},"o":{"x":[0.516],"y":[0]},"t":50,"s":[64],"e":[84]},{"i":{"x":[0.501],"y":[1]},"o":{"x":[0.333],"y":[0]},"t":65,"s":[84],"e":[64]},{"t":80}],"ix":3},"y":{"a":0,"k":64,"ix":4}},"a":{"a":0,"k":[0,0,0],"ix":1},"s":{"a":0,"k":[100,100,100],"ix":6}},"ao":0,"ip":0,"op":1200,"st":0,"bm":0},{"ddd":0,"ind":2,"ty":4,"nm":"right eyebrow","parent":1,"sr":1,"ks":{"o":{"a":0,"k":100,"ix":11},"r":{"a":1,"k":[{"i":{"x":[0.484],"y":[1]},"o":{"x":[0.496],"y":[0]},"t":15,"s":[0],"e":[-24]},{"i":{"x":[0.53],"y":[1]},"o":{"x":[0.455],"y":[0]},"t":30,"s":[-24],"e":[-24]},{"i":{"x":[0.569],"y":[1]},"o":{"x":[0.42],"y":[0]},"t":50,"s":[-24],"e":[-24]},{"i":{"x":[0.438],"y":[1]},"o":{"x":[0.536],"y":[0]},"t":78,"s":[-24],"e":[0]},{"t":90}],"ix":10},"p":{"s":true,"x":{"a":0,"k":25,"ix":3},"y":{"a":1,"k":[{"i":{"x":[0.484],"y":[1]},"o":{"x":[0.496],"y":[0]},"t":15,"s":[-24.875],"e":[-33.875]},{"i":{"x":[0.53],"y":[1]},"o":{"x":[0.455],"y":[0]},"t":30,"s":[-33.875],"e":[-6.875]},{"i":{"x":[0.569],"y":[1]},"o":{"x":[0.42],"y":[0]},"t":50,"s":[-6.875],"e":[-6.875]},{"i":{"x":[0.438],"y":[1]},"o":{"x":[0.536],"y":[0]},"t":78,"s":[-6.875],"e":[-24.875]},{"t":90}],"ix":4}},"a":{"a":0,"k":[0,0,0],"ix":1},"s":{"a":0,"k":[100,100,100],"ix":6}},"ao":0,"shapes":[{"ty":"gr","it":[{"ind":0,"ty":"sh","ix":1,"ks":{"a":0,"k":{"i":[[0.345,1.146],[4.575,1.871],[2.11,0.117],[0,0],[0.114,-1.726],[-1.826,-0.342],[-1.834,-3.283],[-1.362,0],[-0.176,0.025],[-0.467,0.819]],"o":[[-1.417,-4.456],[-1.514,-0.663],[0,0],[-1.736,0.347],[-0.116,1.866],[3.736,0.958],[0.724,1.241],[0.174,0],[1.047,-0.119],[0.578,-0.925]],"v":[[9.173,3.282],[-0.403,-6.824],[-5.703,-7.967],[-6.401,-7.957],[-9.402,-4.598],[-6.427,-0.782],[2.465,5.986],[5.834,7.967],[6.361,7.929],[8.821,6.399]],"c":true},"ix":2},"nm":"Path 1","mn":"ADBE Vector Shape - Group","hd":false},{"ty":"fl","c":{"a":0,"k":[0.427451010311,0.298039215686,0.254901960784,1],"ix":4},"o":{"a":0,"k":100,"ix":5},"r":1,"bm":0,"nm":"Fill 1","mn":"ADBE Vector Graphic - Fill","hd":false},{"ty":"tr","p":{"a":0,"k":[0,0],"ix":2},"a":{"a":0,"k":[0,0],"ix":1},"s":{"a":0,"k":[100,100],"ix":3},"r":{"a":0,"k":0,"ix":6},"o":{"a":0,"k":100,"ix":7},"sk":{"a":0,"k":0,"ix":4},"sa":{"a":0,"k":0,"ix":5},"nm":"Transform"}],"nm":"Shape 1","np":3,"cix":2,"bm":0,"ix":1,"mn":"ADBE Vector Group","hd":false}],"ip":0,"op":1200,"st":0,"bm":0},{"ddd":0,"ind":3,"ty":4,"nm":"left eyebrow","parent":1,"sr":1,"ks":{"o":{"a":0,"k":100,"ix":11},"r":{"a":1,"k":[{"i":{"x":[0.484],"y":[1]},"o":{"x":[0.496],"y":[0]},"t":15,"s":[0],"e":[27]},{"i":{"x":[0.53],"y":[1]},"o":{"x":[0.455],"y":[0]},"t":30,"s":[27],"e":[25]},{"i":{"x":[0.569],"y":[1]},"o":{"x":[0.42],"y":[0]},"t":50,"s":[25],"e":[25]},{"i":{"x":[0.438],"y":[1]},"o":{"x":[0.536],"y":[0]},"t":78,"s":[25],"e":[0]},{"t":90}],"ix":10},"p":{"s":true,"x":{"a":0,"k":-25.125,"ix":3},"y":{"a":1,"k":[{"i":{"x":[0.484],"y":[1]},"o":{"x":[0.496],"y":[0]},"t":15,"s":[-25],"e":[-34]},{"i":{"x":[0.53],"y":[1]},"o":{"x":[0.455],"y":[0]},"t":30,"s":[-34],"e":[-7]},{"i":{"x":[0.569],"y":[1]},"o":{"x":[0.42],"y":[0]},"t":50,"s":[-7],"e":[-7]},{"i":{"x":[0.438],"y":[1]},"o":{"x":[0.536],"y":[0]},"t":78,"s":[-7],"e":[-25]},{"t":90}],"ix":4}},"a":{"a":0,"k":[0,0,0],"ix":1},"s":{"a":0,"k":[100,100,100],"ix":6}},"ao":0,"shapes":[{"ty":"gr","it":[{"ind":0,"ty":"sh","ix":1,"ks":{"a":0,"k":{"i":[[1.894,0.369],[0,0],[1.503,-0.658],[1.42,-4.463],[-0.567,-0.907],[-1.046,-0.119],[-0.174,0],[-0.729,1.249],[-3.703,0.951],[0.116,1.835]],"o":[[0,0],[-2.083,0.116],[-4.585,1.876],[-0.341,1.139],[0.478,0.837],[0.176,0.025],[1.362,0],[1.83,-3.274],[1.859,-0.349],[0,-1.669]],"v":[[6.302,-7.967],[5.674,-7.966],[0.413,-6.829],[-9.177,3.29],[-8.832,6.382],[-6.361,7.929],[-5.835,7.967],[-2.461,5.977],[6.395,-0.775],[9.402,-4.567]],"c":true},"ix":2},"nm":"Path 1","mn":"ADBE Vector Shape - Group","hd":false},{"ty":"fl","c":{"a":0,"k":[0.427451010311,0.298039215686,0.254901960784,1],"ix":4},"o":{"a":0,"k":100,"ix":5},"r":1,"bm":0,"nm":"Fill 1","mn":"ADBE Vector Graphic - Fill","hd":false},{"ty":"tr","p":{"a":0,"k":[0,0],"ix":2},"a":{"a":0,"k":[0,0],"ix":1},"s":{"a":0,"k":[100,100],"ix":3},"r":{"a":0,"k":0,"ix":6},"o":{"a":0,"k":100,"ix":7},"sk":{"a":0,"k":0,"ix":4},"sa":{"a":0,"k":0,"ix":5},"nm":"Transform"}],"nm":"Shape 1","np":3,"cix":2,"bm":0,"ix":1,"mn":"ADBE Vector Group","hd":false}],"ip":0,"op":1200,"st":0,"bm":0},{"ddd":0,"ind":4,"ty":4,"nm":"right eye","parent":1,"sr":1,"ks":{"o":{"a":0,"k":100,"ix":11},"r":{"a":0,"k":0,"ix":10},"p":{"s":true,"x":{"a":0,"k":18.625,"ix":3},"y":{"a":1,"k":[{"i":{"x":[0.484],"y":[1]},"o":{"x":[0.496],"y":[0]},"t":15,"s":[-7.875],"e":[-11.875]},{"i":{"x":[0.53],"y":[1]},"o":{"x":[0.455],"y":[0]},"t":30,"s":[-11.875],"e":[2.125]},{"i":{"x":[0.575],"y":[1]},"o":{"x":[0.415],"y":[0]},"t":50,"s":[2.125],"e":[2.125]},{"i":{"x":[0.392],"y":[1]},"o":{"x":[0.577],"y":[0]},"t":80,"s":[2.125],"e":[-7.875]},{"t":90}],"ix":4}},"a":{"a":0,"k":[0,0,0],"ix":1},"s":{"a":1,"k":[{"i":{"x":[0.362,0.667,0.667],"y":[1,1,1]},"o":{"x":[0.604,0.333,0.333],"y":[0,0,0]},"t":41,"s":[100,100,100],"e":[100,31,100]},{"i":{"x":[0.575,0.667,0.667],"y":[1,1,1]},"o":{"x":[0.415,0.333,0.333],"y":[0,0,0]},"t":50,"s":[100,31,100],"e":[100,31,100]},{"i":{"x":[0.392,0.667,0.667],"y":[1,1,1]},"o":{"x":[0.577,0.333,0.333],"y":[0,0,0]},"t":80,"s":[100,31,100],"e":[100,100,100]},{"t":90}],"ix":6}},"ao":0,"shapes":[{"ty":"gr","it":[{"ind":0,"ty":"sh","ix":1,"ks":{"a":0,"k":{"i":[[4.2,0],[0,-5.9],[-4.2,0],[0,5.9]],"o":[[-4.2,0],[0,5.9],[4.2,0],[0,-5.9]],"v":[[0,-9.4],[-8,0],[0,9.4],[8,0]],"c":true},"ix":2},"nm":"Path 1","mn":"ADBE Vector Shape - Group","hd":false},{"ty":"fl","c":{"a":0,"k":[0.141176470588,0.141176470588,0.141176470588,1],"ix":4},"o":{"a":0,"k":100,"ix":5},"r":1,"bm":0,"nm":"Fill 1","mn":"ADBE Vector Graphic - Fill","hd":false},{"ty":"tr","p":{"a":0,"k":[0,0],"ix":2},"a":{"a":0,"k":[0,0],"ix":1},"s":{"a":0,"k":[100,100],"ix":3},"r":{"a":0,"k":0,"ix":6},"o":{"a":0,"k":100,"ix":7},"sk":{"a":0,"k":0,"ix":4},"sa":{"a":0,"k":0,"ix":5},"nm":"Transform"}],"nm":"Shape 1","np":3,"cix":2,"bm":0,"ix":1,"mn":"ADBE Vector Group","hd":false}],"ip":0,"op":1200,"st":0,"bm":0},{"ddd":0,"ind":5,"ty":4,"nm":"left eye","parent":1,"sr":1,"ks":{"o":{"a":0,"k":100,"ix":11},"r":{"a":0,"k":0,"ix":10},"p":{"s":true,"x":{"a":0,"k":-18.5,"ix":3},"y":{"a":1,"k":[{"i":{"x":[0.484],"y":[1]},"o":{"x":[0.496],"y":[0]},"t":15,"s":[-7.875],"e":[-11.875]},{"i":{"x":[0.53],"y":[1]},"o":{"x":[0.455],"y":[0]},"t":30,"s":[-11.875],"e":[2.125]},{"i":{"x":[0.575],"y":[1]},"o":{"x":[0.415],"y":[0]},"t":50,"s":[2.125],"e":[2.125]},{"i":{"x":[0.392],"y":[1]},"o":{"x":[0.577],"y":[0]},"t":80,"s":[2.125],"e":[-7.875]},{"t":90}],"ix":4}},"a":{"a":0,"k":[0,0,0],"ix":1},"s":{"a":1,"k":[{"i":{"x":[0.362,0.667,0.667],"y":[1,1,1]},"o":{"x":[0.604,0.333,0.333],"y":[0,0,0]},"t":41,"s":[100,100,100],"e":[100,25,100]},{"i":{"x":[0.575,0.667,0.667],"y":[1,1,1]},"o":{"x":[0.415,0.333,0.333],"y":[0,0,0]},"t":50,"s":[100,25,100],"e":[100,25,100]},{"i":{"x":[0.392,0.667,0.667],"y":[1,1,1]},"o":{"x":[0.577,0.333,0.333],"y":[0,0,0]},"t":80,"s":[100,25,100],"e":[100,100,100]},{"t":90}],"ix":6}},"ao":0,"shapes":[{"ty":"gr","it":[{"ind":0,"ty":"sh","ix":1,"ks":{"a":0,"k":{"i":[[4.2,0],[0,-5.9],[-4.2,0],[0,5.9]],"o":[[-4.2,0],[0,5.9],[4.2,0],[0,-5.9]],"v":[[0,-9.4],[-8,0],[0,9.4],[8,0]],"c":true},"ix":2},"nm":"Path 1","mn":"ADBE Vector Shape - Group","hd":false},{"ty":"fl","c":{"a":0,"k":[0.141176470588,0.141176470588,0.141176470588,1],"ix":4},"o":{"a":0,"k":100,"ix":5},"r":1,"bm":0,"nm":"Fill 1","mn":"ADBE Vector Graphic - Fill","hd":false},{"ty":"tr","p":{"a":0,"k":[0,0],"ix":2},"a":{"a":0,"k":[0,0],"ix":1},"s":{"a":0,"k":[100,100],"ix":3},"r":{"a":0,"k":0,"ix":6},"o":{"a":0,"k":100,"ix":7},"sk":{"a":0,"k":0,"ix":4},"sa":{"a":0,"k":0,"ix":5},"nm":"Transform"}],"nm":"Shape 1","np":3,"cix":2,"bm":0,"ix":1,"mn":"ADBE Vector Group","hd":false}],"ip":0,"op":1200,"st":0,"bm":0},{"ddd":0,"ind":6,"ty":4,"nm":"mouth","parent":1,"sr":1,"ks":{"o":{"a":0,"k":100,"ix":11},"r":{"a":0,"k":0,"ix":10},"p":{"a":0,"k":[0.25,22.875,0],"ix":2},"a":{"a":0,"k":[0,0,0],"ix":1},"s":{"a":0,"k":[100,100,100],"ix":6}},"ao":0,"shapes":[{"ty":"gr","it":[{"ind":0,"ty":"sh","ix":1,"ks":{"a":1,"k":[{"i":{"x":0.464,"y":1},"o":{"x":0.618,"y":0},"t":15,"s":[{"i":[[-10.7,0],[-2.3,-3.5],[0.6,-1.1],[0.9,0],[0.3,0.1],[6.3,0],[5.4,-1.7],[0.3,0],[0.4,0.8],[-0.9,1.3]],"o":[[10.8,0],[0.9,1.4],[-0.4,0.8],[-0.3,0],[-5.5,-1.6],[-6.3,0],[-0.3,0.1],[-1,0],[-0.6,-1.1],[2.2,-3.6]],"v":[[-0.05,-7.2],[20.65,1.9],[21.15,5.8],[18.95,7.1],[17.95,6.9],[-0.05,4.4],[-17.95,7],[-18.95,7.2],[-21.15,5.9],[-20.65,2]],"c":true}],"e":[{"i":[[-10.7,0],[-2.025,-9.15],[0.6,-1.1],[0.925,-0.6],[0.3,0.1],[6.298,0.16],[9.2,3.125],[0.763,0.3],[0.4,0.8],[-0.9,1.3]],"o":[[10.8,0],[0.36,1.625],[-0.4,0.8],[-0.252,0.163],[-5.762,2.662],[-5.887,-0.15],[-0.299,-0.102],[-0.487,-0.325],[-0.6,-1.1],[2.275,-9.375]],"v":[[0.075,-13.2],[20.65,1.9],[21.15,5.8],[19.262,7.35],[18.012,8.025],[0.887,10.525],[-17.513,8.062],[-19.013,7.512],[-21.15,5.9],[-20.65,2]],"c":true}]},{"i":{"x":0.514,"y":1},"o":{"x":0.531,"y":0},"t":30,"s":[{"i":[[-10.7,0],[-2.025,-9.15],[0.6,-1.1],[0.925,-0.6],[0.3,0.1],[6.298,0.16],[9.2,3.125],[0.763,0.3],[0.4,0.8],[-0.9,1.3]],"o":[[10.8,0],[0.36,1.625],[-0.4,0.8],[-0.252,0.163],[-5.762,2.662],[-5.887,-0.15],[-0.299,-0.102],[-0.487,-0.325],[-0.6,-1.1],[2.275,-9.375]],"v":[[0.075,-13.2],[20.65,1.9],[21.15,5.8],[19.262,7.35],[18.012,8.025],[0.887,10.525],[-17.513,8.062],[-19.013,7.512],[-21.15,5.9],[-20.65,2]],"c":true}],"e":[{"i":[[-10.7,0],[-2.573,-3.305],[0.663,-0.925],[1.175,0.587],[0.863,0.662],[6.3,-0.039],[5.4,-1.7],[0.239,-0.181],[3.088,1.1],[-0.9,1.3]],"o":[[10.8,0],[1.538,1.975],[-0.962,0.512],[-0.762,-0.35],[-5.5,-1.752],[-6.3,0.039],[-0.3,0.1],[-1.3,0.988],[-0.85,-0.9],[2.2,-3.6]],"v":[[0.075,-4.2],[20.4,2.713],[21.212,8.613],[17.387,7.538],[14.825,5.9],[0.075,3.088],[-14.013,5.938],[-15.95,7.137],[-21.025,8.338],[-20.4,2.938]],"c":true}]},{"i":{"x":0.667,"y":1},"o":{"x":0.465,"y":0},"t":50,"s":[{"i":[[-10.7,0],[-2.573,-3.305],[0.663,-0.925],[1.175,0.587],[0.863,0.662],[6.3,-0.039],[5.4,-1.7],[0.239,-0.181],[3.088,1.1],[-0.9,1.3]],"o":[[10.8,0],[1.538,1.975],[-0.962,0.512],[-0.762,-0.35],[-5.5,-1.752],[-6.3,0.039],[-0.3,0.1],[-1.3,0.988],[-0.85,-0.9],[2.2,-3.6]],"v":[[0.075,-4.2],[20.4,2.713],[21.212,8.613],[17.387,7.538],[14.825,5.9],[0.075,3.088],[-14.013,5.938],[-15.95,7.137],[-21.025,8.338],[-20.4,2.938]],"c":true}],"e":[{"i":[[-10.7,0],[-2.36,-3.46],[1.35,-1.113],[1.175,0.587],[1.113,0.662],[6.3,-0.039],[5.4,-1.7],[0.239,-0.181],[3.088,1.1],[-0.9,1.3]],"o":[[10.8,0],[1.475,2.162],[-2.275,0.45],[-0.762,-0.35],[-5.5,-1.752],[-6.3,0.039],[-0.3,0.1],[-1.3,0.988],[-0.85,-0.9],[2.2,-3.6]],"v":[[0.075,-4.2],[20.4,2.713],[21.4,9.363],[17.387,7.538],[14.825,5.9],[-0.05,4.4],[-14.013,5.938],[-15.95,7.137],[-21.15,9.838],[-20.4,3.312]],"c":true}]},{"i":{"x":0.331,"y":1},"o":{"x":0.333,"y":0},"t":80,"s":[{"i":[[-10.7,0],[-2.36,-3.46],[1.35,-1.113],[1.175,0.587],[1.113,0.662],[6.3,-0.039],[5.4,-1.7],[0.239,-0.181],[3.088,1.1],[-0.9,1.3]],"o":[[10.8,0],[1.475,2.162],[-2.275,0.45],[-0.762,-0.35],[-5.5,-1.752],[-6.3,0.039],[-0.3,0.1],[-1.3,0.988],[-0.85,-0.9],[2.2,-3.6]],"v":[[0.075,-4.2],[20.4,2.713],[21.4,9.363],[17.387,7.538],[14.825,5.9],[-0.05,4.4],[-14.013,5.938],[-15.95,7.137],[-21.15,9.838],[-20.4,3.312]],"c":true}],"e":[{"i":[[-10.7,0],[-2.3,-3.5],[0.6,-1.1],[0.9,0],[0.3,0.1],[6.3,0],[5.4,-1.7],[0.3,0],[0.4,0.8],[-0.9,1.3]],"o":[[10.8,0],[0.9,1.4],[-0.4,0.8],[-0.3,0],[-5.5,-1.6],[-6.3,0],[-0.3,0.1],[-1,0],[-0.6,-1.1],[2.2,-3.6]],"v":[[-0.05,-7.2],[20.65,1.9],[21.15,5.8],[18.95,7.1],[17.95,6.9],[-0.05,4.4],[-17.95,7],[-18.95,7.2],[-21.15,5.9],[-20.65,2]],"c":true}]},{"t":90}],"ix":2},"nm":"Path 1","mn":"ADBE Vector Shape - Group","hd":false},{"ty":"fl","c":{"a":0,"k":[0.141176470588,0.141176470588,0.141176470588,1],"ix":4},"o":{"a":0,"k":100,"ix":5},"r":1,"bm":0,"nm":"Fill 1","mn":"ADBE Vector Graphic - Fill","hd":false},{"ty":"tr","p":{"a":0,"k":[0,0],"ix":2},"a":{"a":0,"k":[0,0],"ix":1},"s":{"a":0,"k":[100,100],"ix":3},"r":{"a":0,"k":0,"ix":6},"o":{"a":0,"k":100,"ix":7},"sk":{"a":0,"k":0,"ix":4},"sa":{"a":0,"k":0,"ix":5},"nm":"Transform"}],"nm":"Shape 1","np":3,"cix":2,"bm":0,"ix":1,"mn":"ADBE Vector Group","hd":false}],"ip":0,"op":1200,"st":0,"bm":0},{"ddd":0,"ind":7,"ty":4,"nm":"tear inner","parent":8,"sr":1,"ks":{"o":{"a":0,"k":100,"ix":11},"r":{"a":0,"k":0,"ix":10},"p":{"a":0,"k":[0,-20.125,0],"ix":2},"a":{"a":0,"k":[0.25,-21.25,0],"ix":1},"s":{"a":0,"k":[100,100,100],"ix":6}},"ao":0,"shapes":[{"ty":"gr","it":[{"ind":0,"ty":"sh","ix":1,"ks":{"a":0,"k":{"i":[[-1.1,2.2],[-1.1,-2.6],[0,-2.9],[3.5,0],[0,4.4],[-2,5.1],[-0.3,0.8]],"o":[[1.1,2.3],[3.5,7.8],[0,4.4],[-3.5,0],[0,-2.9],[0.3,-0.8],[1,-2.5]],"v":[[-0.2,-14.55],[3.2,-7.15],[7.7,6.65],[0,14.55],[-7.7,6.65],[-4.3,-4.95],[-3.4,-7.35]],"c":true},"ix":2},"nm":"Path 1","mn":"ADBE Vector Shape - Group","hd":false},{"ty":"fl","c":{"a":0,"k":[0.372549019608,0.478431402468,1,1],"ix":4},"o":{"a":0,"k":100,"ix":5},"r":1,"bm":0,"nm":"Fill 1","mn":"ADBE Vector Graphic - Fill","hd":false},{"ty":"tr","p":{"a":0,"k":[0,0],"ix":2},"a":{"a":0,"k":[0,0],"ix":1},"s":{"a":0,"k":[100,100],"ix":3},"r":{"a":0,"k":0,"ix":6},"o":{"a":0,"k":100,"ix":7},"sk":{"a":0,"k":0,"ix":4},"sa":{"a":0,"k":0,"ix":5},"nm":"Transform"}],"nm":"Shape 1","np":3,"cix":2,"bm":0,"ix":1,"mn":"ADBE Vector Group","hd":false}],"ip":0,"op":1200,"st":0,"bm":0},{"ddd":0,"ind":8,"ty":4,"nm":"tear outer","parent":5,"sr":1,"ks":{"o":{"a":0,"k":100,"ix":11},"r":{"a":0,"k":0,"ix":10},"p":{"a":0,"k":[-3.75,9.5,0],"ix":2},"a":{"a":0,"k":[0.125,-21.625,0],"ix":1},"s":{"a":1,"k":[{"i":{"x":[0.352,0.352,0.667],"y":[1,1,1]},"o":{"x":[0.496,0.496,0.333],"y":[0,0,0]},"t":60,"s":[0,0,100],"e":[110,110,100]},{"i":{"x":[0.457,0.457,0.667],"y":[1,1,1]},"o":{"x":[0.333,0.333,0.333],"y":[0,0,0]},"t":123,"s":[110,110,100],"e":[100,100,100]},{"t":150}],"ix":6}},"ao":0,"shapes":[{"ty":"gr","it":[{"ind":0,"ty":"sh","ix":1,"ks":{"a":0,"k":{"i":[[0,0],[2.8,-7.3],[0,-4.2],[-6.7,0],[0,6],[3.7,8.2]],"o":[[0,0],[-2.5,6.7],[0,6.1],[6.7,0],[0,-3.8],[-3.4,-7.8]],"v":[[0,-21.75],[-7.6,-6.25],[-12.2,9.35],[0,21.75],[12.2,9.35],[7.3,-6.25]],"c":true},"ix":2},"nm":"Path 1","mn":"ADBE Vector Shape - Group","hd":false},{"ty":"fl","c":{"a":0,"k":[0.282352941176,0.392156892664,0.929411824544,1],"ix":4},"o":{"a":0,"k":100,"ix":5},"r":1,"bm":0,"nm":"Fill 1","mn":"ADBE Vector Graphic - Fill","hd":false},{"ty":"tr","p":{"a":0,"k":[0,0],"ix":2},"a":{"a":0,"k":[0,0],"ix":1},"s":{"a":0,"k":[100,100],"ix":3},"r":{"a":0,"k":0,"ix":6},"o":{"a":0,"k":100,"ix":7},"sk":{"a":0,"k":0,"ix":4},"sa":{"a":0,"k":0,"ix":5},"nm":"Transform"}],"nm":"Shape 1","np":3,"cix":2,"bm":0,"ix":1,"mn":"ADBE Vector Group","hd":false}],"ip":0,"op":1200,"st":0,"bm":0},{"ddd":0,"ind":10,"ty":2,"nm":"emoji-head-cry.png","cl":"png","refId":"image_0","sr":1,"ks":{"o":{"a":0,"k":100,"ix":11},"r":{"a":0,"k":0,"ix":10},"p":{"a":0,"k":[64,64,0],"ix":2},"a":{"a":0,"k":[64,64,0],"ix":1},"s":{"a":0,"k":[100,100,100],"ix":6}},"ao":0,"ip":0,"op":1200,"st":0,"bm":0}],"markers":[]}