{"v":"5.5.1","fr":60,"ip":0,"op":136,"w":128,"h":128,"nm":"emoji-shock-v3","ddd":0,"assets":[],"layers":[{"ddd":0,"ind":1,"ty":3,"nm":"face scale","sr":1,"ks":{"o":{"a":0,"k":0,"ix":11},"r":{"a":1,"k":[{"i":{"x":[0.833],"y":[0.833]},"o":{"x":[0.167],"y":[0.167]},"t":19,"s":[0],"e":[-21]},{"i":{"x":[0.833],"y":[0.833]},"o":{"x":[0.167],"y":[0.167]},"t":34,"s":[-21],"e":[0]},{"t":61}],"ix":10},"p":{"a":0,"k":[64,64,0],"ix":2},"a":{"a":0,"k":[0,0,0],"ix":1},"s":{"a":1,"k":[{"i":{"x":[0.422,0.422,0.667],"y":[1,1,1]},"o":{"x":[0.654,0.654,0.333],"y":[0,0,0]},"t":31,"s":[100,100,100],"e":[130,130,100]},{"i":{"x":[0.667,0.667,0.667],"y":[1,1,1]},"o":{"x":[0.333,0.333,0.333],"y":[0,0,0]},"t":61,"s":[130,130,100],"e":[125,125,100]},{"i":{"x":[0.272,0.272,0.667],"y":[1,1,1]},"o":{"x":[0.596,0.596,0.333],"y":[0,0,0]},"t":119,"s":[125,125,100],"e":[100,100,100]},{"t":132}],"ix":6}},"ao":0,"ip":0,"op":1200,"st":0,"bm":0},{"ddd":0,"ind":2,"ty":4,"nm":"right eye","parent":4,"sr":1,"ks":{"o":{"a":0,"k":100,"ix":11},"r":{"a":0,"k":0,"ix":10},"p":{"a":0,"k":[19.75,0,0],"ix":2},"a":{"a":0,"k":[0,0,0],"ix":1},"s":{"a":1,"k":[{"i":{"x":[0.667,0.667,0.667],"y":[1,1,1]},"o":{"x":[0.333,0.333,0.333],"y":[0,0,0]},"t":19,"s":[100,100,100],"e":[120,110,100]},{"i":{"x":[0.502,0.498,0.667],"y":[1,1.004,1]},"o":{"x":[0.451,0.454,0.333],"y":[0,0,0]},"t":76,"s":[120,110,100],"e":[100,5,100]},{"i":{"x":[0.556,0.552,0.667],"y":[1,1,1]},"o":{"x":[0.333,0.333,0.333],"y":[0,0,0]},"t":82,"s":[100,5,100],"e":[100,100,100]},{"i":{"x":[0.667,0.667,0.667],"y":[1,1,1]},"o":{"x":[0.167,0.167,0.167],"y":[0,0,0]},"t":88,"s":[100,100,100],"e":[100,100,100]},{"i":{"x":[0.502,0.498,0.667],"y":[1,1.004,1]},"o":{"x":[0.451,0.454,0.333],"y":[0,0,0]},"t":107,"s":[100,100,100],"e":[100,5,100]},{"i":{"x":[0.556,0.552,0.667],"y":[1,1,1]},"o":{"x":[0.333,0.333,0.333],"y":[0,0,0]},"t":113,"s":[100,5,100],"e":[100,100,100]},{"t":119}],"ix":6}},"ao":0,"shapes":[{"ty":"gr","it":[{"ind":0,"ty":"sh","ix":1,"ks":{"a":0,"k":{"i":[[3.69,0],[0,-7.17],[-3.69,0],[0,7.17]],"o":[[-3.69,0],[0,7.17],[3.69,0],[0,-7.17]],"v":[[0,-11.5],[-7.04,0],[0,11.5],[7.04,0]],"c":true},"ix":2},"nm":"Path 1","mn":"ADBE Vector Shape - Group","hd":false},{"ty":"fl","c":{"a":0,"k":[0.141176470588,0.141176470588,0.141176470588,1],"ix":4},"o":{"a":0,"k":100,"ix":5},"r":1,"bm":0,"nm":"Fill 1","mn":"ADBE Vector Graphic - Fill","hd":false},{"ty":"tr","p":{"a":0,"k":[0,0],"ix":2},"a":{"a":0,"k":[0,0],"ix":1},"s":{"a":0,"k":[100,100],"ix":3},"r":{"a":0,"k":0,"ix":6},"o":{"a":0,"k":100,"ix":7},"sk":{"a":0,"k":0,"ix":4},"sa":{"a":0,"k":0,"ix":5},"nm":"Transform"}],"nm":"Shape 1","np":3,"cix":2,"bm":0,"ix":1,"mn":"ADBE Vector Group","hd":false}],"ip":-1,"op":1199,"st":-1,"bm":0},{"ddd":0,"ind":3,"ty":4,"nm":"left eye","parent":4,"sr":1,"ks":{"o":{"a":0,"k":100,"ix":11},"r":{"a":0,"k":0,"ix":10},"p":{"a":0,"k":[-19.5,0,0],"ix":2},"a":{"a":0,"k":[0,0,0],"ix":1},"s":{"a":1,"k":[{"i":{"x":[0.667,0.667,0.667],"y":[1,1,1]},"o":{"x":[0.333,0.333,0.333],"y":[0,0,0]},"t":19,"s":[100,100,100],"e":[120,110,100]},{"i":{"x":[0.502,0.498,0.667],"y":[1,1.004,1]},"o":{"x":[0.451,0.454,0.333],"y":[0,0,0]},"t":76,"s":[120,110,100],"e":[100,5,100]},{"i":{"x":[0.667,0.667,0.667],"y":[1,1,1]},"o":{"x":[0.333,0.333,0.333],"y":[0,0,0]},"t":82,"s":[100,5,100],"e":[100,100,100]},{"i":{"x":[0.667,0.667,0.667],"y":[1,1,1]},"o":{"x":[0.333,0.333,0.333],"y":[0,0,0]},"t":88,"s":[100,100,100],"e":[100,100,100]},{"i":{"x":[0.502,0.498,0.667],"y":[1,1.004,1]},"o":{"x":[0.333,0.333,0.333],"y":[0,0,0]},"t":107,"s":[100,100,100],"e":[100,5,100]},{"i":{"x":[0.556,0.552,0.667],"y":[1,1,1]},"o":{"x":[0.333,0.333,0.333],"y":[0,0,0]},"t":113,"s":[100,5,100],"e":[100,100,100]},{"t":119}],"ix":6}},"ao":0,"shapes":[{"ty":"gr","it":[{"ind":0,"ty":"sh","ix":1,"ks":{"a":0,"k":{"i":[[3.69,0],[0,-7.17],[-3.69,0],[0,7.17]],"o":[[-3.69,0],[0,7.17],[3.69,0],[0,-7.17]],"v":[[0,-11.5],[-7.04,0],[0,11.5],[7.04,0]],"c":true},"ix":2},"nm":"Path 1","mn":"ADBE Vector Shape - Group","hd":false},{"ty":"fl","c":{"a":0,"k":[0.141176470588,0.141176470588,0.141176470588,1],"ix":4},"o":{"a":0,"k":100,"ix":5},"r":1,"bm":0,"nm":"Fill 1","mn":"ADBE Vector Graphic - Fill","hd":false},{"ty":"tr","p":{"a":0,"k":[0,0],"ix":2},"a":{"a":0,"k":[0,0],"ix":1},"s":{"a":0,"k":[100,100],"ix":3},"r":{"a":0,"k":0,"ix":6},"o":{"a":0,"k":100,"ix":7},"sk":{"a":0,"k":0,"ix":4},"sa":{"a":0,"k":0,"ix":5},"nm":"Transform"}],"nm":"Shape 1","np":3,"cix":2,"bm":0,"ix":1,"mn":"ADBE Vector Group","hd":false}],"ip":0,"op":1200,"st":0,"bm":0},{"ddd":0,"ind":4,"ty":3,"nm":"eye position","parent":1,"sr":1,"ks":{"o":{"a":0,"k":0,"ix":11},"r":{"a":0,"k":0,"ix":10},"p":{"s":true,"x":{"a":1,"k":[{"i":{"x":[0.2],"y":[1]},"o":{"x":[0.4],"y":[0]},"t":19,"s":[0],"e":[10]},{"i":{"x":[0.999],"y":[1]},"o":{"x":[0.001],"y":[0]},"t":34,"s":[10],"e":[10]},{"i":{"x":[0.2],"y":[1]},"o":{"x":[0.4],"y":[0]},"t":43,"s":[10],"e":[0]},{"t":61}],"ix":3},"y":{"a":0,"k":-13.938,"ix":4}},"a":{"a":0,"k":[0,0,0],"ix":1},"s":{"a":0,"k":[100,100,100],"ix":6}},"ao":0,"ip":0,"op":1200,"st":0,"bm":0},{"ddd":0,"ind":5,"ty":4,"nm":"mouth","parent":1,"sr":1,"ks":{"o":{"a":0,"k":100,"ix":11},"r":{"a":0,"k":0,"ix":10},"p":{"s":true,"x":{"a":1,"k":[{"i":{"x":[0.2],"y":[1]},"o":{"x":[0.4],"y":[0]},"t":19,"s":[0],"e":[10]},{"i":{"x":[0.999],"y":[1]},"o":{"x":[0.001],"y":[0]},"t":34,"s":[10],"e":[10]},{"i":{"x":[0.2],"y":[1]},"o":{"x":[0.4],"y":[0]},"t":43,"s":[10],"e":[0]},{"t":61}],"ix":3},"y":{"a":0,"k":22.25,"ix":4}},"a":{"a":0,"k":[0,0,0],"ix":1},"s":{"a":1,"k":[{"i":{"x":[0.667,0.667,0.667],"y":[1,1,1]},"o":{"x":[0.659,0.613,0.333],"y":[0.004,0.004,0]},"t":19,"s":[100,100,100],"e":[25,25,100]},{"i":{"x":[0.844,0.844,0.667],"y":[0.906,0.908,1]},"o":{"x":[0.742,0.742,0.333],"y":[0.009,0.013,0]},"t":31,"s":[25,25,100],"e":[86.418,86.635,100]},{"i":{"x":[0.526,0.526,0.667],"y":[1,1,1]},"o":{"x":[0.247,0.247,0.333],"y":[1.344,1.346,0]},"t":48,"s":[86.418,86.635,100],"e":[100,100,100]},{"t":82}],"ix":6}},"ao":0,"shapes":[{"ty":"gr","it":[{"ind":0,"ty":"sh","ix":1,"ks":{"a":0,"k":{"i":[[0,-8.17],[11.05,0],[0,8.17],[-11.05,0]],"o":[[0,8.16],[-11.05,0],[0,-8.17],[11.05,0]],"v":[[20,2.04],[0,15],[-20,2.04],[0,-15]],"c":true},"ix":2},"nm":"Path 1","mn":"ADBE Vector Shape - Group","hd":false},{"ty":"fl","c":{"a":0,"k":[0.141176470588,0.141176470588,0.141176470588,1],"ix":4},"o":{"a":0,"k":100,"ix":5},"r":1,"bm":0,"nm":"Fill 1","mn":"ADBE Vector Graphic - Fill","hd":false},{"ty":"tr","p":{"a":0,"k":[0,0],"ix":2},"a":{"a":0,"k":[0,0],"ix":1},"s":{"a":0,"k":[100,100],"ix":3},"r":{"a":0,"k":0,"ix":6},"o":{"a":0,"k":100,"ix":7},"sk":{"a":0,"k":0,"ix":4},"sa":{"a":0,"k":0,"ix":5},"nm":"Transform"}],"nm":"Shape 1","np":3,"cix":2,"bm":0,"ix":1,"mn":"ADBE Vector Group","hd":false}],"ip":0,"op":1200,"st":0,"bm":0}],"markers":[]}