{"v":"5.5.1","fr":60,"ip":0,"op":121,"w":128,"h":128,"nm":"emoji-laugh-cry","ddd":0,"assets":[{"id":"comp_0","layers":[{"ddd":0,"ind":1,"ty":4,"nm":"mouth mask","parent":2,"td":1,"sr":1,"ks":{"o":{"a":0,"k":100,"ix":11},"r":{"a":0,"k":0,"ix":10},"p":{"a":0,"k":[0.22,0.362,0],"ix":2},"a":{"a":0,"k":[0.22,0.362,0],"ix":1},"s":{"a":0,"k":[100,100,100],"ix":6}},"ao":0,"shapes":[{"ty":"gr","it":[{"ind":0,"ty":"sh","ix":1,"ks":{"a":0,"k":{"i":[[-0.01,0],[0,-0.04],[6.89,-5.59],[10.85,0],[3.62,17.74],[-0.1,0],[0,0],[-14.66,0],[-12.22,2.26]],"o":[[0.07,0],[-1.59,8.41],[-7.57,6.14],[-19.9,0],[0.01,-0.02],[0,0],[12.22,2.26],[14.67,0],[0.04,0.01]],"v":[[63.06,-3.747],[63.19,-3.637],[50.03,18.063],[21.88,27.443],[-19.38,-3.657],[-19.21,-3.747],[-19.2,-3.747],[21.89,-0.287],[63,-3.747]],"c":true},"ix":2},"nm":"Path 1","mn":"ADBE Vector Shape - Group","hd":false},{"ty":"fl","c":{"a":0,"k":[0,0,0,1],"ix":4},"o":{"a":0,"k":100,"ix":5},"r":1,"bm":0,"nm":"Fill 1","mn":"ADBE Vector Graphic - Fill","hd":false},{"ty":"tr","p":{"a":0,"k":[-21.905,-11.848],"ix":2},"a":{"a":0,"k":[0,0],"ix":1},"s":{"a":0,"k":[100,100],"ix":3},"r":{"a":0,"k":0,"ix":6},"o":{"a":0,"k":100,"ix":7},"sk":{"a":0,"k":0,"ix":4},"sa":{"a":0,"k":0,"ix":5},"nm":"Transform"}],"nm":"Shape 1","np":3,"cix":2,"bm":0,"ix":1,"mn":"ADBE Vector Group","hd":false}],"ip":0,"op":1200,"st":0,"bm":0},{"ddd":0,"ind":2,"ty":4,"nm":"mouth mask 2","tt":2,"sr":1,"ks":{"o":{"a":0,"k":100,"ix":11},"r":{"a":0,"k":0,"ix":10},"p":{"a":0,"k":[64.47,87.487,0],"ix":2},"a":{"a":0,"k":[0.22,0.362,0],"ix":1},"s":{"a":0,"k":[100,100,100],"ix":6}},"ao":0,"shapes":[{"ty":"gr","it":[{"ind":0,"ty":"sh","ix":1,"ks":{"a":0,"k":{"i":[[2.51,0],[0.26,-0.05],[14.93,0],[11.57,2.14],[0.25,0],[-0.54,-2.6],[-22.8,0],[-3.48,18.38]],"o":[[-0.25,0],[-11.57,2.15],[-14.92,0],[-0.26,-0.05],[-2.53,0],[3.84,18.82],[24.95,0],[0.49,-2.58]],"v":[[63.06,-7.752],[62.29,-7.682],[21.91,-4.282],[-18.45,-7.672],[-19.22,-7.742],[-23.27,-2.822],[21.9,31.448],[67.13,-2.892]],"c":true},"ix":2},"nm":"Path 1","mn":"ADBE Vector Shape - Group","hd":false},{"ty":"fl","c":{"a":0,"k":[0.921568627451,0.560784313725,0,1],"ix":4},"o":{"a":0,"k":100,"ix":5},"r":1,"bm":0,"nm":"Fill 1","mn":"ADBE Vector Graphic - Fill","hd":false},{"ty":"tr","p":{"a":0,"k":[-21.905,-11.848],"ix":2},"a":{"a":0,"k":[0,0],"ix":1},"s":{"a":0,"k":[100,100.23],"ix":3},"r":{"a":0,"k":0,"ix":6},"o":{"a":0,"k":100,"ix":7},"sk":{"a":0,"k":0,"ix":4},"sa":{"a":0,"k":0,"ix":5},"nm":"Transform"}],"nm":"Shape 1","np":3,"cix":2,"bm":0,"ix":1,"mn":"ADBE Vector Group","hd":false}],"ip":0,"op":1200,"st":0,"bm":0}]}],"layers":[{"ddd":0,"ind":2,"ty":4,"nm":"right tear","sr":1,"ks":{"o":{"a":0,"k":100,"ix":11},"r":{"a":1,"k":[{"i":{"x":[0.5],"y":[1.033]},"o":{"x":[0.485],"y":[-0.113]},"t":0,"s":[0],"e":[0]},{"i":{"x":[0.701],"y":[1.994]},"o":{"x":[0.333],"y":[0]},"t":15,"s":[0],"e":[-29.27]},{"i":{"x":[0.766],"y":[1]},"o":{"x":[0.421],"y":[0.839]},"t":40,"s":[-29.27],"e":[0]},{"t":55}],"ix":10},"p":{"a":1,"k":[{"i":{"x":0.833,"y":0.833},"o":{"x":0.167,"y":0.167},"t":40,"s":[94.22,55.737,0],"e":[94.22,53.737,0],"to":[0,0,0],"ti":[0,0,0]},{"i":{"x":0.833,"y":0.833},"o":{"x":0.167,"y":0.167},"t":53,"s":[94.22,53.737,0],"e":[94.22,58.237,0],"to":[0,0,0],"ti":[0,0,0]},{"i":{"x":0.833,"y":0.833},"o":{"x":0.167,"y":0.167},"t":65,"s":[94.22,58.237,0],"e":[94.22,51.737,0],"to":[0,0,0],"ti":[0,0,0]},{"i":{"x":0.833,"y":0.833},"o":{"x":0.167,"y":0.167},"t":77,"s":[94.22,51.737,0],"e":[94.22,58.237,0],"to":[0,0,0],"ti":[0,0,0]},{"i":{"x":0.833,"y":0.833},"o":{"x":0.167,"y":0.167},"t":90,"s":[94.22,58.237,0],"e":[94.22,55.737,0],"to":[0,0,0],"ti":[0,0,0]},{"t":98}],"ix":2},"a":{"a":0,"k":[-15.905,-15.888,0],"ix":1},"s":{"a":1,"k":[{"i":{"x":[0.5,0.5,0.667],"y":[1,1,1]},"o":{"x":[0.485,0.485,0.333],"y":[0.001,0.001,0]},"t":0,"s":[100,100,100],"e":[0,0,100]},{"i":{"x":[0.833,0.833,0.833],"y":[1,1,1]},"o":{"x":[0.333,0.333,0.333],"y":[0,0,0]},"t":15,"s":[0,0,100],"e":[0,0,100]},{"i":{"x":[0.833,0.833,0.833],"y":[1,1,1]},"o":{"x":[0.167,0.167,0.167],"y":[0,0,0]},"t":40,"s":[0,0,100],"e":[100,100,100]},{"t":55}],"ix":6}},"ao":0,"shapes":[{"ty":"gr","it":[{"ind":0,"ty":"sh","ix":1,"ks":{"a":0,"k":{"i":[[0,0],[2.02,2.02],[3.42,8.91],[1.1,3.19],[-4.94,-2.21],[-0.8,-0.35],[-2.57,-2.57],[-0.1,-3.07],[2.06,-2.07],[3.09,0]],"o":[[-3.23,0],[-2.53,-2.53],[-2.1,-5.48],[3.38,0.98],[0.86,0.38],[5.55,2.46],[1.92,1.92],[0.1,3.26],[-1.98,1.97],[0,0]],"v":[[27.015,27.963],[18.635,24.733],[10.965,9.983],[5.805,-4.267],[20.065,0.773],[22.545,1.873],[34.685,8.683],[37.905,16.653],[34.865,24.913],[27.015,27.963]],"c":true},"ix":2},"nm":"Path 1","mn":"ADBE Vector Shape - Group","hd":false},{"ty":"st","c":{"a":0,"k":[0.282352941176,0.392156862745,0.929411764706,1],"ix":3},"o":{"a":0,"k":100,"ix":4},"w":{"a":0,"k":4,"ix":5},"lc":1,"lj":1,"ml":4,"bm":0,"nm":"Stroke 1","mn":"ADBE Vector Graphic - Stroke","hd":false},{"ty":"fl","c":{"a":0,"k":[0.372549019608,0.478431372549,1,1],"ix":4},"o":{"a":0,"k":100,"ix":5},"r":1,"bm":0,"nm":"Fill 1","mn":"ADBE Vector Graphic - Fill","hd":false},{"ty":"tr","p":{"a":0,"k":[-21.905,-11.848],"ix":2},"a":{"a":0,"k":[0,0],"ix":1},"s":{"a":0,"k":[100,100],"ix":3},"r":{"a":0,"k":0,"ix":6},"o":{"a":0,"k":100,"ix":7},"sk":{"a":0,"k":0,"ix":4},"sa":{"a":0,"k":0,"ix":5},"nm":"Transform"}],"nm":"Shape 1","np":3,"cix":2,"bm":0,"ix":1,"mn":"ADBE Vector Group","hd":false}],"ip":0,"op":1200,"st":0,"bm":0},{"ddd":0,"ind":3,"ty":4,"nm":"left tear","sr":1,"ks":{"o":{"a":0,"k":100,"ix":11},"r":{"a":1,"k":[{"i":{"x":[0.5],"y":[1.033]},"o":{"x":[0.485],"y":[-0.113]},"t":0,"s":[0],"e":[0]},{"i":{"x":[0.701],"y":[2.161]},"o":{"x":[0.333],"y":[0]},"t":15,"s":[0],"e":[20.311]},{"i":{"x":[0.777],"y":[1]},"o":{"x":[0.429],"y":[1.001]},"t":40,"s":[20.311],"e":[0]},{"t":55}],"ix":10},"p":{"a":1,"k":[{"i":{"x":0.833,"y":0.833},"o":{"x":0.167,"y":0.167},"t":40,"s":[34.095,55.987,0],"e":[34.095,53.987,0],"to":[0,0,0],"ti":[0,0,0]},{"i":{"x":0.833,"y":0.833},"o":{"x":0.167,"y":0.167},"t":53,"s":[34.095,53.987,0],"e":[34.095,58.487,0],"to":[0,0,0],"ti":[0,0,0]},{"i":{"x":0.833,"y":0.833},"o":{"x":0.167,"y":0.167},"t":65,"s":[34.095,58.487,0],"e":[34.095,51.987,0],"to":[0,0,0],"ti":[0,0,0]},{"i":{"x":0.833,"y":0.833},"o":{"x":0.167,"y":0.167},"t":77,"s":[34.095,51.987,0],"e":[34.095,58.487,0],"to":[0,0,0],"ti":[0,0,0]},{"i":{"x":0.833,"y":0.833},"o":{"x":0.167,"y":0.167},"t":90,"s":[34.095,58.487,0],"e":[34.095,55.987,0],"to":[0,0,0],"ti":[0,0,0]},{"t":98}],"ix":2},"a":{"a":0,"k":[16.095,-15.888,0],"ix":1},"s":{"a":1,"k":[{"i":{"x":[0.5,0.5,0.667],"y":[1,1,1]},"o":{"x":[0.485,0.485,0.333],"y":[0.001,0.001,0]},"t":0,"s":[100,100,100],"e":[0,0,100]},{"i":{"x":[0.833,0.833,0.833],"y":[1,1,1]},"o":{"x":[0.333,0.333,0.333],"y":[0,0,0]},"t":15,"s":[0,0,100],"e":[0,0,100]},{"i":{"x":[0.833,0.833,0.833],"y":[1,1,1]},"o":{"x":[0.167,0.167,0.167],"y":[0,0,0]},"t":40,"s":[0,0,100],"e":[100,100,100]},{"t":55}],"ix":6}},"ao":0,"shapes":[{"ty":"gr","it":[{"ind":0,"ty":"sh","ix":1,"ks":{"a":0,"k":{"i":[[3.23,0],[1.96,1.97],[-0.11,3.26],[-1.92,1.92],[-5.55,2.46],[-0.85,0.38],[-3.38,0.98],[2.1,-5.47],[2.53,-2.53]],"o":[[-3.09,0],[-2.07,-2.07],[0.1,-3.07],[2.57,-2.57],[0.8,-0.35],[4.94,-2.22],[-1.1,3.19],[-3.42,8.91],[-2.02,2.02]],"v":[[16.795,27.963],[8.955,24.913],[5.915,16.653],[9.135,8.683],[21.265,1.873],[23.745,0.773],[38.005,-4.267],[32.845,9.983],[25.175,24.733]],"c":true},"ix":2},"nm":"Path 1","mn":"ADBE Vector Shape - Group","hd":false},{"ty":"st","c":{"a":0,"k":[0.282352941176,0.392156862745,0.929411764706,1],"ix":3},"o":{"a":0,"k":100,"ix":4},"w":{"a":0,"k":4,"ix":5},"lc":1,"lj":1,"ml":4,"bm":0,"nm":"Stroke 1","mn":"ADBE Vector Graphic - Stroke","hd":false},{"ty":"fl","c":{"a":0,"k":[0.372549019608,0.478431372549,1,1],"ix":4},"o":{"a":0,"k":100,"ix":5},"r":1,"bm":0,"nm":"Fill 1","mn":"ADBE Vector Graphic - Fill","hd":false},{"ty":"tr","p":{"a":0,"k":[-21.905,-11.848],"ix":2},"a":{"a":0,"k":[0,0],"ix":1},"s":{"a":0,"k":[100,100],"ix":3},"r":{"a":0,"k":0,"ix":6},"o":{"a":0,"k":100,"ix":7},"sk":{"a":0,"k":0,"ix":4},"sa":{"a":0,"k":0,"ix":5},"nm":"Transform"}],"nm":"Shape 1","np":3,"cix":2,"bm":0,"ix":1,"mn":"ADBE Vector Group","hd":false}],"ip":0,"op":1200,"st":0,"bm":0},{"ddd":0,"ind":4,"ty":0,"nm":"mouth top","parent":10,"refId":"comp_0","sr":1,"ks":{"o":{"a":0,"k":100,"ix":11},"r":{"a":0,"k":0,"ix":10},"p":{"a":0,"k":[0,56.618,0],"ix":2},"a":{"a":0,"k":[64,99.5,0],"ix":1},"s":{"a":0,"k":[588.235,588.235,100],"ix":6}},"ao":0,"hasMask":true,"masksProperties":[{"inv":false,"mode":"a","pt":{"a":0,"k":{"i":[[0,0],[0,0],[0,0],[0,0],[0,0],[0,0]],"o":[[0,0],[0,0],[0,0],[0,0],[0,0],[0,0]],"v":[[110.5,60.25],[63.5,67.75],[21,61.75],[14.5,71],[54,81.75],[114.75,73.75]],"c":true},"ix":1},"o":{"a":0,"k":100,"ix":3},"x":{"a":0,"k":0,"ix":4},"nm":"Mask 2"}],"w":128,"h":128,"ip":0,"op":1200,"st":0,"bm":0},{"ddd":0,"ind":5,"ty":0,"nm":"mouth bottom","parent":10,"refId":"comp_0","sr":1,"ks":{"o":{"a":0,"k":100,"ix":11},"r":{"a":1,"k":[{"i":{"x":[0.667],"y":[1]},"o":{"x":[0.333],"y":[0]},"t":0,"s":[0],"e":[-2]},{"i":{"x":[0.667],"y":[1]},"o":{"x":[0.333],"y":[0]},"t":30,"s":[-2],"e":[-2]},{"i":{"x":[0.667],"y":[1]},"o":{"x":[0.333],"y":[0]},"t":56,"s":[-2],"e":[-2]},{"i":{"x":[0.667],"y":[1]},"o":{"x":[0.333],"y":[0]},"t":64,"s":[-2],"e":[-2]},{"i":{"x":[0.667],"y":[1]},"o":{"x":[0.333],"y":[0]},"t":90,"s":[-2],"e":[0]},{"t":98}],"ix":10},"p":{"a":1,"k":[{"i":{"x":0.667,"y":1},"o":{"x":0.333,"y":0},"t":0,"s":[0,56.618,0],"e":[-3.676,40.618,0],"to":[0,0,0],"ti":[0,0,0]},{"i":{"x":0.667,"y":1},"o":{"x":0.333,"y":0},"t":30,"s":[-3.676,40.618,0],"e":[-3.676,87.618,0],"to":[0,0,0],"ti":[0,0,0]},{"i":{"x":0.667,"y":1},"o":{"x":0.333,"y":0},"t":40,"s":[-3.676,87.618,0],"e":[-3.676,64.618,0],"to":[0,0,0],"ti":[0,0,0]},{"i":{"x":0.667,"y":1},"o":{"x":0.333,"y":0},"t":49,"s":[-3.676,64.618,0],"e":[-11.029,72.823,0],"to":[0,0,0],"ti":[0,0,0]},{"i":{"x":0.667,"y":1},"o":{"x":0.333,"y":0},"t":56,"s":[-11.029,72.823,0],"e":[-3.676,40.618,0],"to":[0,0,0],"ti":[0,0,0]},{"i":{"x":0.667,"y":1},"o":{"x":0.333,"y":0},"t":64,"s":[-3.676,40.618,0],"e":[-3.676,87.618,0],"to":[0,0,0],"ti":[0,0,0]},{"i":{"x":0.667,"y":1},"o":{"x":0.333,"y":0},"t":74,"s":[-3.676,87.618,0],"e":[-3.676,64.618,0],"to":[0,0,0],"ti":[0,0,0]},{"i":{"x":0.667,"y":1},"o":{"x":0.333,"y":0},"t":83,"s":[-3.676,64.618,0],"e":[-11.029,72.823,0],"to":[0,0,0],"ti":[0,0,0]},{"i":{"x":0.667,"y":1},"o":{"x":0.333,"y":0},"t":90,"s":[-11.029,72.823,0],"e":[-3.029,56.823,0],"to":[0,0,0],"ti":[0,0,0]},{"t":98}],"ix":2},"a":{"a":0,"k":[64,99.5,0],"ix":1},"s":{"a":0,"k":[588.235,588.235,100],"ix":6}},"ao":0,"hasMask":true,"masksProperties":[{"inv":false,"mode":"f","pt":{"a":0,"k":{"i":[[8.219,0],[5.417,-5.193],[-7.533,0],[-6.113,2.784]],"o":[[-8.096,0],[6.225,2.938],[7.921,0],[-5.44,-5.334]],"v":[[63.752,91.047],[41.497,102.82],[61.817,108.078],[86.071,102.931]],"c":true},"ix":1},"o":{"a":0,"k":100,"ix":3},"x":{"a":0,"k":0,"ix":4},"nm":"Mask 1"}],"w":128,"h":128,"ip":0,"op":1200,"st":0,"bm":0},{"ddd":0,"ind":6,"ty":4,"nm":"teeth 2","parent":10,"td":1,"sr":1,"ks":{"o":{"a":0,"k":100,"ix":11},"r":{"a":0,"k":0,"ix":10},"p":{"a":0,"k":[1.295,-16.254,0],"ix":2},"a":{"a":0,"k":[0.22,0.362,0],"ix":1},"s":{"a":0,"k":[588.235,588.235,100],"ix":6}},"ao":0,"shapes":[{"ty":"gr","it":[{"ind":0,"ty":"sh","ix":1,"ks":{"a":0,"k":{"i":[[14.93,0],[11.57,2.14],[-0.58,-2.86],[-22.8,0],[-3.48,18.38],[2.84,-0.53]],"o":[[-14.92,0],[-2.87,-0.53],[3.84,18.82],[24.95,0],[0.54,-2.84],[-11.57,2.15]],"v":[[21.915,-4.052],[-18.445,-7.442],[-23.275,-2.592],[21.895,31.678],[67.125,-2.662],[62.295,-7.452]],"c":true},"ix":2},"nm":"Path 1","mn":"ADBE Vector Shape - Group","hd":false},{"ty":"fl","c":{"a":0,"k":[0,0,0,1],"ix":4},"o":{"a":0,"k":100,"ix":5},"r":1,"bm":0,"nm":"Fill 1","mn":"ADBE Vector Graphic - Fill","hd":false},{"ty":"tr","p":{"a":0,"k":[-21.905,-11.848],"ix":2},"a":{"a":0,"k":[0,0],"ix":1},"s":{"a":0,"k":[100,100],"ix":3},"r":{"a":0,"k":0,"ix":6},"o":{"a":0,"k":100,"ix":7},"sk":{"a":0,"k":0,"ix":4},"sa":{"a":0,"k":0,"ix":5},"nm":"Transform"}],"nm":"Shape 1","np":3,"cix":2,"bm":0,"ix":1,"mn":"ADBE Vector Group","hd":false}],"ip":0,"op":1200,"st":0,"bm":0},{"ddd":0,"ind":7,"ty":4,"nm":"teeth","parent":10,"tt":1,"sr":1,"ks":{"o":{"a":0,"k":100,"ix":11},"r":{"a":0,"k":0,"ix":10},"p":{"a":0,"k":[-1.646,-112.577,0],"ix":2},"a":{"a":0,"k":[0.22,0.362,0],"ix":1},"s":{"a":0,"k":[588.235,588.235,100],"ix":6}},"ao":0,"shapes":[{"ty":"gr","it":[{"ind":0,"ty":"sh","ix":1,"ks":{"a":0,"k":{"i":[[-15.56,9.14],[0,0],[0,0],[0,0],[-17.94,0]],"o":[[0,0],[0,0],[0,0],[15.56,9.15],[17.94,0]],"v":[[72.485,11.813],[72.485,-2.337],[-28.675,-2.337],[-28.675,11.803],[21.905,26.033]],"c":true},"ix":2},"nm":"Path 1","mn":"ADBE Vector Shape - Group","hd":false},{"ty":"fl","c":{"a":0,"k":[1,1,1,1],"ix":4},"o":{"a":0,"k":100,"ix":5},"r":1,"bm":0,"nm":"Fill 1","mn":"ADBE Vector Graphic - Fill","hd":false},{"ty":"tr","p":{"a":0,"k":[-21.905,-11.848],"ix":2},"a":{"a":0,"k":[0,0],"ix":1},"s":{"a":0,"k":[100,100],"ix":3},"r":{"a":0,"k":0,"ix":6},"o":{"a":0,"k":100,"ix":7},"sk":{"a":0,"k":0,"ix":4},"sa":{"a":0,"k":0,"ix":5},"nm":"Transform"}],"nm":"Shape 1","np":3,"cix":2,"bm":0,"ix":1,"mn":"ADBE Vector Group","hd":false}],"ip":0,"op":1200,"st":0,"bm":0},{"ddd":0,"ind":8,"ty":4,"nm":"tounge","parent":10,"sr":1,"ks":{"o":{"a":0,"k":100,"ix":11},"r":{"a":0,"k":0,"ix":10},"p":{"a":1,"k":[{"i":{"x":0.667,"y":1},"o":{"x":0.333,"y":0},"t":0,"s":[1.295,60.217,0],"e":[1.295,45.511,0],"to":[0,0,0],"ti":[0,0,0]},{"i":{"x":0.667,"y":1},"o":{"x":0.333,"y":0},"t":30,"s":[1.295,45.511,0],"e":[1.295,86.687,0],"to":[0,0,0],"ti":[0,0,0]},{"i":{"x":0.667,"y":1},"o":{"x":0.333,"y":0},"t":40,"s":[1.295,86.687,0],"e":[1.295,64.629,0],"to":[0,0,0],"ti":[0,0,0]},{"i":{"x":0.667,"y":1},"o":{"x":0.333,"y":0},"t":49,"s":[1.295,64.629,0],"e":[-8.999,74.923,0],"to":[0,0,0],"ti":[0,0,0]},{"i":{"x":0.667,"y":1},"o":{"x":0.333,"y":0},"t":56,"s":[-8.999,74.923,0],"e":[1.295,45.511,0],"to":[0,0,0],"ti":[0,0,0]},{"i":{"x":0.667,"y":1},"o":{"x":0.333,"y":0},"t":64,"s":[1.295,45.511,0],"e":[1.295,86.687,0],"to":[0,0,0],"ti":[0,0,0]},{"i":{"x":0.667,"y":1},"o":{"x":0.333,"y":0},"t":74,"s":[1.295,86.687,0],"e":[1.295,64.629,0],"to":[0,0,0],"ti":[0,0,0]},{"i":{"x":0.667,"y":1},"o":{"x":0.333,"y":0},"t":83,"s":[1.295,64.629,0],"e":[-8.999,74.923,0],"to":[0,0,0],"ti":[0,0,0]},{"i":{"x":0.667,"y":1},"o":{"x":0.333,"y":0},"t":90,"s":[-8.999,74.923,0],"e":[1.295,60.217,0],"to":[0,0,0],"ti":[0,0,0]},{"t":98}],"ix":2},"a":{"a":0,"k":[0.22,0.362,0],"ix":1},"s":{"a":0,"k":[588.235,588.235,100],"ix":6}},"ao":0,"shapes":[{"ty":"gr","it":[{"ind":0,"ty":"sh","ix":1,"ks":{"a":0,"k":{"i":[[8.219,0],[5.417,-5.193],[-7.533,0],[-6.113,2.784]],"o":[[-8.096,0],[6.225,2.938],[7.921,0],[-5.44,-5.334]],"v":[[21.781,5.333],[0.93,13.73],[21.751,18.363],[42.879,13.966]],"c":true},"ix":2},"nm":"Path 1","mn":"ADBE Vector Shape - Group","hd":false},{"ty":"fl","c":{"a":0,"k":[0.929411764706,0.466666666667,0.439215686275,1],"ix":4},"o":{"a":0,"k":100,"ix":5},"r":1,"bm":0,"nm":"Fill 1","mn":"ADBE Vector Graphic - Fill","hd":false},{"ty":"tr","p":{"a":0,"k":[-21.905,-11.848],"ix":2},"a":{"a":0,"k":[0,0],"ix":1},"s":{"a":0,"k":[100,100],"ix":3},"r":{"a":0,"k":0,"ix":6},"o":{"a":0,"k":100,"ix":7},"sk":{"a":0,"k":0,"ix":4},"sa":{"a":0,"k":0,"ix":5},"nm":"Transform"}],"nm":"Shape 1","np":3,"cix":2,"bm":0,"ix":1,"mn":"ADBE Vector Group","hd":false}],"ip":0,"op":1200,"st":0,"bm":0},{"ddd":0,"ind":9,"ty":4,"nm":"black","parent":10,"sr":1,"ks":{"o":{"a":0,"k":100,"ix":11},"r":{"a":0,"k":0,"ix":10},"p":{"a":0,"k":[1.295,-18.46,0],"ix":2},"a":{"a":0,"k":[0.22,0.362,0],"ix":1},"s":{"a":0,"k":[588.235,588.235,100],"ix":6}},"ao":0,"shapes":[{"ty":"gr","it":[{"ind":0,"ty":"sh","ix":1,"ks":{"a":1,"k":[{"i":{"x":0.667,"y":1},"o":{"x":0.333,"y":0},"t":0,"s":[{"i":[[14.93,0],[11.57,2.14],[-0.58,-2.86],[-22.8,0],[-3.48,18.38],[2.84,-0.53]],"o":[[-14.92,0],[-2.87,-0.53],[3.84,18.82],[24.95,0],[0.54,-2.84],[-11.57,2.15]],"v":[[21.915,-4.052],[-18.445,-7.442],[-23.275,-2.592],[21.895,31.678],[67.125,-2.662],[62.295,-7.452]],"c":true}],"e":[{"i":[[14.93,0],[11.57,2.14],[-0.58,-2.86],[-22.8,0],[-3.48,18.38],[2.84,-0.53]],"o":[[-14.92,0],[-2.87,-0.53],[3.84,18.82],[24.95,0],[0.54,-2.84],[-11.57,2.15]],"v":[[21.915,-4.052],[-18.445,-7.442],[-23.275,-2.592],[19.895,28.678],[67.125,-2.662],[62.295,-7.452]],"c":true}]},{"i":{"x":0.667,"y":1},"o":{"x":0.333,"y":0},"t":30,"s":[{"i":[[14.93,0],[11.57,2.14],[-0.58,-2.86],[-22.8,0],[-3.48,18.38],[2.84,-0.53]],"o":[[-14.92,0],[-2.87,-0.53],[3.84,18.82],[24.95,0],[0.54,-2.84],[-11.57,2.15]],"v":[[21.915,-4.052],[-18.445,-7.442],[-23.275,-2.592],[19.895,28.678],[67.125,-2.662],[62.295,-7.452]],"c":true}],"e":[{"i":[[14.93,0],[11.57,2.14],[-0.58,-2.86],[-30.74,-0.58],[-3.48,18.38],[2.84,-0.53]],"o":[[-14.92,0],[-2.87,-0.53],[3.84,18.82],[31.618,0.597],[0.54,-2.84],[-11.57,2.15]],"v":[[21.915,-4.052],[-18.445,-7.442],[-23.275,-2.592],[21.145,36.428],[67.125,-2.662],[62.295,-7.452]],"c":true}]},{"i":{"x":0.667,"y":1},"o":{"x":0.333,"y":0},"t":40,"s":[{"i":[[14.93,0],[11.57,2.14],[-0.58,-2.86],[-30.74,-0.58],[-3.48,18.38],[2.84,-0.53]],"o":[[-14.92,0],[-2.87,-0.53],[3.84,18.82],[31.618,0.597],[0.54,-2.84],[-11.57,2.15]],"v":[[21.915,-4.052],[-18.445,-7.442],[-23.275,-2.592],[21.145,36.428],[67.125,-2.662],[62.295,-7.452]],"c":true}],"e":[{"i":[[14.93,0],[11.57,2.14],[-0.58,-2.86],[-29.74,-0.33],[-3.48,18.38],[2.84,-0.53]],"o":[[-14.92,0],[-2.87,-0.53],[3.84,18.82],[29.511,0.327],[0.54,-2.84],[-11.57,2.15]],"v":[[21.915,-4.052],[-18.445,-7.442],[-23.275,-2.592],[20.645,32.178],[67.125,-2.662],[62.295,-7.452]],"c":true}]},{"i":{"x":0.667,"y":1},"o":{"x":0.333,"y":0},"t":49,"s":[{"i":[[14.93,0],[11.57,2.14],[-0.58,-2.86],[-29.74,-0.33],[-3.48,18.38],[2.84,-0.53]],"o":[[-14.92,0],[-2.87,-0.53],[3.84,18.82],[29.511,0.327],[0.54,-2.84],[-11.57,2.15]],"v":[[21.915,-4.052],[-18.445,-7.442],[-23.275,-2.592],[20.645,32.178],[67.125,-2.662],[62.295,-7.452]],"c":true}],"e":[{"i":[[14.93,0],[11.57,2.14],[-0.245,-2.908],[-31.74,0.17],[-3.48,18.38],[2.84,-0.53]],"o":[[-14.92,0],[-2.87,-0.53],[1.68,19.94],[29.793,-0.16],[0.54,-2.84],[-11.57,2.15]],"v":[[21.915,-4.052],[-18.445,-7.442],[-23.275,-2.592],[21.145,33.428],[67.125,-2.662],[62.295,-7.452]],"c":true}]},{"i":{"x":0.667,"y":1},"o":{"x":0.333,"y":0},"t":56,"s":[{"i":[[14.93,0],[11.57,2.14],[-0.245,-2.908],[-31.74,0.17],[-3.48,18.38],[2.84,-0.53]],"o":[[-14.92,0],[-2.87,-0.53],[1.68,19.94],[29.793,-0.16],[0.54,-2.84],[-11.57,2.15]],"v":[[21.915,-4.052],[-18.445,-7.442],[-23.275,-2.592],[21.145,33.428],[67.125,-2.662],[62.295,-7.452]],"c":true}],"e":[{"i":[[14.93,0],[11.57,2.14],[-0.58,-2.86],[-22.8,0],[-3.48,18.38],[2.84,-0.53]],"o":[[-14.92,0],[-2.87,-0.53],[3.84,18.82],[24.95,0],[0.54,-2.84],[-11.57,2.15]],"v":[[21.915,-4.052],[-18.445,-7.442],[-23.275,-2.592],[19.895,28.678],[67.125,-2.662],[62.295,-7.452]],"c":true}]},{"i":{"x":0.667,"y":1},"o":{"x":0.333,"y":0},"t":64,"s":[{"i":[[14.93,0],[11.57,2.14],[-0.58,-2.86],[-22.8,0],[-3.48,18.38],[2.84,-0.53]],"o":[[-14.92,0],[-2.87,-0.53],[3.84,18.82],[24.95,0],[0.54,-2.84],[-11.57,2.15]],"v":[[21.915,-4.052],[-18.445,-7.442],[-23.275,-2.592],[19.895,28.678],[67.125,-2.662],[62.295,-7.452]],"c":true}],"e":[{"i":[[14.93,0],[11.57,2.14],[-0.58,-2.86],[-30.74,-0.58],[-3.48,18.38],[2.84,-0.53]],"o":[[-14.92,0],[-2.87,-0.53],[3.84,18.82],[31.618,0.597],[0.54,-2.84],[-11.57,2.15]],"v":[[21.915,-4.052],[-18.445,-7.442],[-23.275,-2.592],[21.145,36.428],[67.125,-2.662],[62.295,-7.452]],"c":true}]},{"i":{"x":0.667,"y":1},"o":{"x":0.333,"y":0},"t":74,"s":[{"i":[[14.93,0],[11.57,2.14],[-0.58,-2.86],[-30.74,-0.58],[-3.48,18.38],[2.84,-0.53]],"o":[[-14.92,0],[-2.87,-0.53],[3.84,18.82],[31.618,0.597],[0.54,-2.84],[-11.57,2.15]],"v":[[21.915,-4.052],[-18.445,-7.442],[-23.275,-2.592],[21.145,36.428],[67.125,-2.662],[62.295,-7.452]],"c":true}],"e":[{"i":[[14.93,0],[11.57,2.14],[-0.58,-2.86],[-29.74,-0.33],[-3.48,18.38],[2.84,-0.53]],"o":[[-14.92,0],[-2.87,-0.53],[3.84,18.82],[29.511,0.327],[0.54,-2.84],[-11.57,2.15]],"v":[[21.915,-4.052],[-18.445,-7.442],[-23.275,-2.592],[20.645,32.178],[67.125,-2.662],[62.295,-7.452]],"c":true}]},{"i":{"x":0.667,"y":1},"o":{"x":0.333,"y":0},"t":83,"s":[{"i":[[14.93,0],[11.57,2.14],[-0.58,-2.86],[-29.74,-0.33],[-3.48,18.38],[2.84,-0.53]],"o":[[-14.92,0],[-2.87,-0.53],[3.84,18.82],[29.511,0.327],[0.54,-2.84],[-11.57,2.15]],"v":[[21.915,-4.052],[-18.445,-7.442],[-23.275,-2.592],[20.645,32.178],[67.125,-2.662],[62.295,-7.452]],"c":true}],"e":[{"i":[[14.93,0],[11.57,2.14],[-0.245,-2.908],[-31.74,0.17],[-3.48,18.38],[2.84,-0.53]],"o":[[-14.92,0],[-2.87,-0.53],[1.68,19.94],[29.793,-0.16],[0.54,-2.84],[-11.57,2.15]],"v":[[21.915,-4.052],[-18.445,-7.442],[-23.275,-2.592],[21.145,33.428],[67.125,-2.662],[62.295,-7.452]],"c":true}]},{"i":{"x":0.667,"y":1},"o":{"x":0.333,"y":0},"t":90,"s":[{"i":[[14.93,0],[11.57,2.14],[-0.245,-2.908],[-31.74,0.17],[-3.48,18.38],[2.84,-0.53]],"o":[[-14.92,0],[-2.87,-0.53],[1.68,19.94],[29.793,-0.16],[0.54,-2.84],[-11.57,2.15]],"v":[[21.915,-4.052],[-18.445,-7.442],[-23.275,-2.592],[21.145,33.428],[67.125,-2.662],[62.295,-7.452]],"c":true}],"e":[{"i":[[14.93,0],[11.57,2.14],[-0.58,-2.86],[-22.8,0],[-3.48,18.38],[2.84,-0.53]],"o":[[-14.92,0],[-2.87,-0.53],[3.84,18.82],[24.95,0],[0.54,-2.84],[-11.57,2.15]],"v":[[21.915,-4.052],[-18.445,-7.442],[-23.275,-2.592],[21.895,31.678],[67.125,-2.662],[62.295,-7.452]],"c":true}]},{"t":98}],"ix":2},"nm":"Path 1","mn":"ADBE Vector Shape - Group","hd":false},{"ty":"fl","c":{"a":0,"k":[0.141176470588,0.141176470588,0.141176470588,1],"ix":4},"o":{"a":0,"k":100,"ix":5},"r":1,"bm":0,"nm":"Fill 1","mn":"ADBE Vector Graphic - Fill","hd":false},{"ty":"tr","p":{"a":0,"k":[-21.905,-11.848],"ix":2},"a":{"a":0,"k":[0,0],"ix":1},"s":{"a":0,"k":[100,100],"ix":3},"r":{"a":0,"k":0,"ix":6},"o":{"a":0,"k":100,"ix":7},"sk":{"a":0,"k":0,"ix":4},"sa":{"a":0,"k":0,"ix":5},"nm":"Transform"}],"nm":"Shape 1","np":3,"cix":2,"bm":0,"ix":1,"mn":"ADBE Vector Group","hd":false}],"ip":0,"op":1200,"st":0,"bm":0},{"ddd":0,"ind":10,"ty":3,"nm":"mouth null","sr":1,"ks":{"o":{"a":0,"k":0,"ix":11},"r":{"a":0,"k":0,"ix":10},"p":{"a":1,"k":[{"i":{"x":0.833,"y":0.833},"o":{"x":0.167,"y":0.167},"t":0,"s":[64,90.25,0],"e":[64,84.25,0],"to":[0,0,0],"ti":[0,0,0]},{"t":30}],"ix":2},"a":{"a":0,"k":[0,0,0],"ix":1},"s":{"a":0,"k":[17,17,100],"ix":6}},"ao":0,"ip":0,"op":1200,"st":0,"bm":0},{"ddd":0,"ind":11,"ty":3,"nm":"eye null","sr":1,"ks":{"o":{"a":0,"k":0,"ix":11},"r":{"a":0,"k":0,"ix":10},"p":{"a":1,"k":[{"i":{"x":0.833,"y":0.833},"o":{"x":0.167,"y":0.167},"t":0,"s":[64,44,0],"e":[64,36,0],"to":[0,0,0],"ti":[0,0,0]},{"t":30}],"ix":2},"a":{"a":0,"k":[0,0,0],"ix":1},"s":{"a":0,"k":[17,17,100],"ix":6}},"ao":0,"ip":0,"op":1200,"st":0,"bm":0},{"ddd":0,"ind":12,"ty":4,"nm":"right eyebrow","parent":11,"sr":1,"ks":{"o":{"a":0,"k":100,"ix":11},"r":{"a":1,"k":[{"i":{"x":[0.833],"y":[0.833]},"o":{"x":[0.167],"y":[0.167]},"t":0,"s":[0],"e":[-17]},{"i":{"x":[0.833],"y":[0.833]},"o":{"x":[0.167],"y":[0.167]},"t":30,"s":[-17],"e":[0]},{"i":{"x":[0.833],"y":[0.833]},"o":{"x":[0.167],"y":[0.167]},"t":41,"s":[0],"e":[0]},{"i":{"x":[0.833],"y":[0.833]},"o":{"x":[0.167],"y":[0.167]},"t":53,"s":[0],"e":[-23]},{"i":{"x":[0.833],"y":[0.833]},"o":{"x":[0.167],"y":[0.167]},"t":90,"s":[-23],"e":[-17]},{"t":98}],"ix":10},"p":{"a":1,"k":[{"i":{"x":0.833,"y":0.833},"o":{"x":0.167,"y":0.167},"t":0,"s":[154.237,-39.783,0],"e":[157.913,-45.666,0],"to":[0,0,0],"ti":[0,0,0]},{"i":{"x":0.833,"y":0.833},"o":{"x":0.167,"y":0.167},"t":30,"s":[157.913,-45.666,0],"e":[154.237,-39.783,0],"to":[0,0,0],"ti":[0,0,0]},{"i":{"x":0.833,"y":0.833},"o":{"x":0.167,"y":0.167},"t":41,"s":[154.237,-39.783,0],"e":[154.237,-47.136,0],"to":[0,0,0],"ti":[0,0,0]},{"i":{"x":0.833,"y":0.833},"o":{"x":0.167,"y":0.167},"t":53,"s":[154.237,-47.136,0],"e":[154.237,-5.96,0],"to":[0,0,0],"ti":[0,0,0]},{"i":{"x":0.833,"y":0.833},"o":{"x":0.167,"y":0.167},"t":65,"s":[154.237,-5.96,0],"e":[154.237,-47.136,0],"to":[0,0,0],"ti":[0,0,0]},{"i":{"x":0.833,"y":0.833},"o":{"x":0.167,"y":0.167},"t":77,"s":[154.237,-47.136,0],"e":[154.237,-5.96,0],"to":[0,0,0],"ti":[0,0,0]},{"i":{"x":0.833,"y":0.833},"o":{"x":0.167,"y":0.167},"t":90,"s":[154.237,-5.96,0],"e":[157.913,-45.666,0],"to":[0,0,0],"ti":[0,0,0]},{"t":98}],"ix":2},"a":{"a":0,"k":[0.22,0.362,0],"ix":1},"s":{"a":0,"k":[588.235,588.235,100],"ix":6}},"ao":0,"shapes":[{"ty":"gr","it":[{"ind":0,"ty":"sh","ix":1,"ks":{"a":0,"k":{"i":[[0.943,1.028],[4.288,1.636],[1.683,0.301],[0.265,-0.928],[-1.269,-0.505],[0,0],[-4.31,-3.159],[-0.433,0],[-0.4,0.446]],"o":[[-3.05,-3.327],[-1.575,-0.605],[-1.352,-0.24],[-0.273,0.95],[0,0],[5.007,2.016],[0.444,0.327],[0.671,0],[0.65,-0.725]],"v":[[30.814,14.503],[19.755,7.025],[14.845,5.659],[12.324,7.233],[13.623,9.949],[13.78,10.016],[27.82,17.814],[29.155,18.277],[30.836,17.505]],"c":true},"ix":2},"nm":"Path 1","mn":"ADBE Vector Shape - Group","hd":false},{"ty":"fl","c":{"a":0,"k":[0.921568627451,0.560784313725,0,1],"ix":4},"o":{"a":0,"k":100,"ix":5},"r":1,"bm":0,"nm":"Fill 1","mn":"ADBE Vector Graphic - Fill","hd":false},{"ty":"tr","p":{"a":0,"k":[-21.905,-11.848],"ix":2},"a":{"a":0,"k":[0,0],"ix":1},"s":{"a":0,"k":[100,100],"ix":3},"r":{"a":0,"k":0,"ix":6},"o":{"a":0,"k":100,"ix":7},"sk":{"a":0,"k":0,"ix":4},"sa":{"a":0,"k":0,"ix":5},"nm":"Transform"}],"nm":"Shape 1","np":3,"cix":2,"bm":0,"ix":1,"mn":"ADBE Vector Group","hd":false}],"ip":0,"op":1200,"st":0,"bm":0},{"ddd":0,"ind":13,"ty":4,"nm":"left eyebrow","parent":11,"sr":1,"ks":{"o":{"a":0,"k":100,"ix":11},"r":{"a":1,"k":[{"i":{"x":[0.833],"y":[0.833]},"o":{"x":[0.167],"y":[0.167]},"t":0,"s":[0],"e":[17]},{"i":{"x":[0.833],"y":[0.833]},"o":{"x":[0.167],"y":[0.167]},"t":30,"s":[17],"e":[0]},{"i":{"x":[0.833],"y":[0.833]},"o":{"x":[0.167],"y":[0.167]},"t":41,"s":[0],"e":[0]},{"i":{"x":[0.833],"y":[0.833]},"o":{"x":[0.167],"y":[0.167]},"t":53,"s":[0],"e":[27]},{"i":{"x":[0.833],"y":[0.833]},"o":{"x":[0.167],"y":[0.167]},"t":90,"s":[27],"e":[17]},{"t":98}],"ix":10},"p":{"a":1,"k":[{"i":{"x":0.833,"y":0.833},"o":{"x":0.167,"y":0.167},"t":0,"s":[-156.793,-39.048,0],"e":[-149.44,-41.254,0],"to":[0,0,0],"ti":[0,0,0]},{"i":{"x":0.833,"y":0.833},"o":{"x":0.167,"y":0.167},"t":30,"s":[-149.44,-41.254,0],"e":[-156.793,-39.048,0],"to":[0,0,0],"ti":[0,0,0]},{"i":{"x":0.833,"y":0.833},"o":{"x":0.167,"y":0.167},"t":41,"s":[-156.793,-39.048,0],"e":[-156.793,-46.401,0],"to":[0,0,0],"ti":[0,0,0]},{"i":{"x":0.833,"y":0.833},"o":{"x":0.167,"y":0.167},"t":53,"s":[-156.793,-46.401,0],"e":[-156.793,-5.224,0],"to":[0,0,0],"ti":[0,0,0]},{"i":{"x":0.833,"y":0.833},"o":{"x":0.167,"y":0.167},"t":65,"s":[-156.793,-5.224,0],"e":[-156.793,-46.401,0],"to":[0,0,0],"ti":[0,0,0]},{"i":{"x":0.833,"y":0.833},"o":{"x":0.167,"y":0.167},"t":77,"s":[-156.793,-46.401,0],"e":[-156.793,-5.224,0],"to":[0,0,0],"ti":[0,0,0]},{"i":{"x":0.833,"y":0.833},"o":{"x":0.167,"y":0.167},"t":90,"s":[-156.793,-5.224,0],"e":[-149.44,-41.254,0],"to":[0,0,0],"ti":[0,0,0]},{"t":98}],"ix":2},"a":{"a":0,"k":[0.22,0.362,0],"ix":1},"s":{"a":0,"k":[588.235,588.235,100],"ix":6}},"ao":0,"shapes":[{"ty":"gr","it":[{"ind":0,"ty":"sh","ix":1,"ks":{"a":0,"k":{"i":[[1.352,-0.24],[1.574,-0.605],[3.05,-3.327],[-0.65,-0.725],[-0.671,0],[-0.444,0.327],[-5.007,2.016],[0,0],[0,0],[0.272,0.95]],"o":[[-1.683,0.301],[-4.289,1.636],[-0.943,1.028],[0.4,0.446],[0.433,0],[4.309,-3.159],[0,0],[0,0],[1.307,-0.522],[-0.266,-0.928]],"v":[[28.965,5.659],[24.056,7.025],[12.995,14.504],[12.974,17.505],[14.654,18.277],[15.989,17.815],[30.029,10.016],[29.843,9.552],[30.148,9.966],[31.485,7.233]],"c":true},"ix":2},"nm":"Path 1","mn":"ADBE Vector Shape - Group","hd":false},{"ty":"fl","c":{"a":0,"k":[0.921568627451,0.560784313725,0,1],"ix":4},"o":{"a":0,"k":100,"ix":5},"r":1,"bm":0,"nm":"Fill 1","mn":"ADBE Vector Graphic - Fill","hd":false},{"ty":"tr","p":{"a":0,"k":[-21.905,-11.848],"ix":2},"a":{"a":0,"k":[0,0],"ix":1},"s":{"a":0,"k":[100,100],"ix":3},"r":{"a":0,"k":0,"ix":6},"o":{"a":0,"k":100,"ix":7},"sk":{"a":0,"k":0,"ix":4},"sa":{"a":0,"k":0,"ix":5},"nm":"Transform"}],"nm":"Shape 1","np":3,"cix":2,"bm":0,"ix":1,"mn":"ADBE Vector Group","hd":false}],"ip":0,"op":1200,"st":0,"bm":0},{"ddd":0,"ind":14,"ty":4,"nm":"right eye","parent":11,"sr":1,"ks":{"o":{"a":0,"k":100,"ix":11},"r":{"a":0,"k":0,"ix":10},"p":{"a":1,"k":[{"i":{"x":0.667,"y":0.667},"o":{"x":0.333,"y":0.333},"t":0,"s":[135.119,58.011,0],"e":[135.119,58.011,0],"to":[0,0,0],"ti":[0,0,0]},{"i":{"x":0.667,"y":1},"o":{"x":0.333,"y":0},"t":30,"s":[135.119,58.011,0],"e":[135.119,74.011,0],"to":[0,0,0],"ti":[0,0,0]},{"i":{"x":0.667,"y":1},"o":{"x":0.333,"y":0},"t":41,"s":[135.119,74.011,0],"e":[135.119,62.011,0],"to":[0,0,0],"ti":[0,0,0]},{"i":{"x":0.667,"y":1},"o":{"x":0.333,"y":0},"t":53,"s":[135.119,62.011,0],"e":[135.119,83.011,0],"to":[0,0,0],"ti":[0,0,0]},{"i":{"x":0.667,"y":1},"o":{"x":0.333,"y":0},"t":65,"s":[135.119,83.011,0],"e":[135.119,51.011,0],"to":[0,0,0],"ti":[0,0,0]},{"i":{"x":0.667,"y":1},"o":{"x":0.333,"y":0},"t":77,"s":[135.119,51.011,0],"e":[135.119,63.011,0],"to":[0,0,0],"ti":[0,0,0]},{"i":{"x":0.667,"y":1},"o":{"x":0.333,"y":0},"t":90,"s":[135.119,63.011,0],"e":[135.119,58.011,0],"to":[0,0,0],"ti":[0,0,0]},{"t":98}],"ix":2},"a":{"a":0,"k":[-21.905,-10.263,0],"ix":1},"s":{"a":1,"k":[{"i":{"x":[0.667,0.667,0.667],"y":[1,1,1]},"o":{"x":[0.333,0.333,0.333],"y":[0,0,0]},"t":0,"s":[588.235,588.235,100],"e":[588.235,378.235,100]},{"i":{"x":[0.667,0.667,0.667],"y":[1,1,1]},"o":{"x":[0.333,0.333,0.333],"y":[0,0,0]},"t":30,"s":[588.235,378.235,100],"e":[588.235,384.235,100]},{"i":{"x":[0.667,0.667,0.667],"y":[1,1,1]},"o":{"x":[0.333,0.333,0.333],"y":[0,0,0]},"t":90,"s":[588.235,384.235,100],"e":[588.235,588.235,100]},{"t":98}],"ix":6}},"ao":0,"shapes":[{"ty":"gr","it":[{"ind":0,"ty":"sh","ix":1,"ks":{"a":1,"k":[{"i":{"x":0.833,"y":0.833},"o":{"x":0.167,"y":0.167},"t":0,"s":[{"i":[[0.85,1.06],[0.12,0.14],[0.08,0.11],[0.08,0.06],[0,0],[0.31,0.27],[0.8,0.35],[0.83,-0.01],[-0.08,0],[0,0],[0,0],[0,0],[0,0],[0,0],[0,0],[0.08,-0.01],[0.19,-0.03],[0.4,-0.17],[0.64,-0.54],[0.35,-0.4],[0,0],[0,0],[1.37,1.22],[-0.43,1.24],[-0.07,0.21],[-0.18,0.38],[-0.93,1.21],[-1.78,1.03],[-1.08,0.29],[-0.7,0.08],[-0.13,0],[0,0],[-1.09,-0.29],[-0.9,-0.5],[-0.91,-1.21],[-0.29,-0.52],[-0.19,-0.43],[-0.04,-0.12],[-0.03,-0.09],[0,0],[1.77,-0.57]],"o":[[0,0],[-0.06,-0.07],[-0.09,-0.11],[0,0],[-0.25,-0.25],[-0.64,-0.54],[-0.81,-0.34],[0.35,-0.01],[0,0],[0,0],[0,0],[0,0],[0,0],[0,0],[-0.26,0],[-0.07,-0.01],[-0.4,0.1],[-0.8,0.35],[-0.63,0.54],[-0.36,0.41],[0,0],[-1.22,1.37],[-1.04,-0.92],[0,0],[0.08,-0.21],[0.33,-0.78],[0.91,-1.21],[0.9,-0.49],[0.56,-0.13],[0.3,-0.04],[0,0],[1.14,0.02],[1.08,0.28],[1.78,1.03],[0.47,0.6],[0.29,0.5],[0.11,0.22],[0.04,0.13],[0,0],[0.57,1.77],[-1.36,0.44]],"v":[[6.735,5.435],[6.555,5.215],[6.345,4.945],[6.085,4.655],[5.465,4.035],[4.605,3.245],[2.405,1.855],[-0.045,1.335],[0.125,1.335],[0.115,1.335],[0.095,1.335],[0.055,1.335],[-0.015,1.335],[-0.165,1.335],[-0.455,1.345],[-0.745,1.375],[-1.285,1.465],[-2.505,1.855],[-4.705,3.245],[-6.215,4.715],[-6.785,5.355],[-7.085,5.695],[-11.775,5.975],[-12.705,2.375],[-12.595,2.055],[-12.245,1.145],[-10.425,-1.935],[-6.395,-5.475],[-3.425,-6.725],[-1.685,-7.065],[-0.815,-7.155],[-0.055,-7.195],[3.315,-6.725],[6.285,-5.475],[10.315,-1.935],[11.445,-0.235],[12.165,1.205],[12.365,1.705],[12.475,2.035],[12.565,2.305],[10.395,6.545]],"c":true}],"e":[{"i":[[0.85,1.06],[0.12,0.14],[0.08,0.11],[0.08,0.06],[0,0],[0.31,0.27],[0.8,0.35],[0.83,-0.01],[-0.08,0],[0,0],[0,0],[0,0],[0,0],[0,0],[0,0],[0.08,-0.01],[0.19,-0.03],[0.4,-0.17],[0.64,-0.54],[0.35,-0.4],[0,0],[0,0],[1.37,1.22],[-0.43,1.24],[-0.07,0.21],[-0.18,0.38],[-0.93,1.21],[-1.78,1.03],[-1.08,0.29],[-0.7,0.08],[-0.13,0],[0,0],[-1.09,-0.29],[-0.9,-0.5],[-0.91,-1.21],[-0.29,-0.52],[-0.19,-0.43],[-0.04,-0.12],[-0.03,-0.09],[0,0],[1.77,-0.57]],"o":[[0,0],[-0.06,-0.07],[-0.09,-0.11],[0,0],[-0.25,-0.25],[-0.64,-0.54],[-0.81,-0.34],[0.35,-0.01],[0,0],[0,0],[0,0],[0,0],[0,0],[0,0],[-0.26,0],[-0.07,-0.01],[-0.4,0.1],[-0.8,0.35],[-0.63,0.54],[-0.36,0.41],[0,0],[-1.22,1.37],[-1.04,-0.92],[0,0],[0.08,-0.21],[0.33,-0.78],[0.91,-1.21],[0.9,-0.49],[0.56,-0.13],[0.3,-0.04],[0,0],[1.14,0.02],[1.08,0.28],[1.78,1.03],[0.47,0.6],[0.29,0.5],[0.11,0.22],[0.04,0.13],[0,0],[0.57,1.77],[-1.36,0.44]],"v":[[6.735,5.435],[6.555,5.215],[6.345,4.945],[6.085,4.655],[5.465,4.035],[4.605,3.245],[2.405,1.855],[-0.045,1.335],[0.125,1.335],[0.115,1.335],[0.095,1.335],[0.055,1.335],[-0.015,1.335],[-0.165,1.335],[-0.455,1.345],[-0.745,1.375],[-1.285,1.465],[-2.505,1.855],[-4.705,3.245],[-6.215,4.715],[-6.785,5.355],[-7.085,5.695],[-11.775,5.975],[-12.705,2.375],[-12.595,2.055],[-12.245,1.145],[-10.425,-1.935],[-6.395,-5.475],[-3.425,-6.725],[-1.685,-7.065],[-0.815,-7.155],[-0.055,-7.195],[3.315,-6.725],[6.285,-5.475],[10.315,-1.935],[11.445,-0.235],[12.165,1.205],[12.365,1.705],[12.475,2.035],[12.565,2.305],[10.395,6.545]],"c":true}]},{"t":30}],"ix":2},"nm":"Path 1","mn":"ADBE Vector Shape - Group","hd":false},{"ty":"fl","c":{"a":0,"k":[0.141176470588,0.141176470588,0.141176470588,1],"ix":4},"o":{"a":0,"k":100,"ix":5},"r":1,"bm":0,"nm":"Fill 1","mn":"ADBE Vector Graphic - Fill","hd":false},{"ty":"tr","p":{"a":0,"k":[-21.905,-11.848],"ix":2},"a":{"a":0,"k":[0,0],"ix":1},"s":{"a":0,"k":[100,100],"ix":3},"r":{"a":0,"k":0,"ix":6},"o":{"a":0,"k":100,"ix":7},"sk":{"a":0,"k":0,"ix":4},"sa":{"a":0,"k":0,"ix":5},"nm":"Transform"}],"nm":"Shape 1","np":3,"cix":2,"bm":0,"ix":1,"mn":"ADBE Vector Group","hd":false}],"ip":0,"op":1200,"st":0,"bm":0},{"ddd":0,"ind":15,"ty":4,"nm":"left eye","parent":11,"sr":1,"ks":{"o":{"a":0,"k":100,"ix":11},"r":{"a":0,"k":0,"ix":10},"p":{"a":1,"k":[{"i":{"x":0.667,"y":0.667},"o":{"x":0.333,"y":0.333},"t":0,"s":[-131.793,57.276,0],"e":[-131.793,57.276,0],"to":[0,0,0],"ti":[0,0,0]},{"i":{"x":0.667,"y":1},"o":{"x":0.333,"y":0},"t":30,"s":[-131.793,57.276,0],"e":[-131.793,73.276,0],"to":[0,0,0],"ti":[0,0,0]},{"i":{"x":0.667,"y":1},"o":{"x":0.333,"y":0},"t":41,"s":[-131.793,73.276,0],"e":[-131.793,61.276,0],"to":[0,0,0],"ti":[0,0,0]},{"i":{"x":0.667,"y":1},"o":{"x":0.333,"y":0},"t":53,"s":[-131.793,61.276,0],"e":[-131.793,82.276,0],"to":[0,0,0],"ti":[0,0,0]},{"i":{"x":0.667,"y":1},"o":{"x":0.333,"y":0},"t":65,"s":[-131.793,82.276,0],"e":[-131.793,50.276,0],"to":[0,0,0],"ti":[0,0,0]},{"i":{"x":0.667,"y":1},"o":{"x":0.333,"y":0},"t":77,"s":[-131.793,50.276,0],"e":[-131.793,62.276,0],"to":[0,0,0],"ti":[0,0,0]},{"i":{"x":0.667,"y":1},"o":{"x":0.333,"y":0},"t":90,"s":[-131.793,62.276,0],"e":[-131.793,57.276,0],"to":[0,0,0],"ti":[0,0,0]},{"t":98}],"ix":2},"a":{"a":0,"k":[-22.03,-10.388,0],"ix":1},"s":{"a":1,"k":[{"i":{"x":[0.667,0.667,0.667],"y":[1,1,1]},"o":{"x":[0.333,0.333,0.333],"y":[0,0,0]},"t":0,"s":[588.235,588.235,100],"e":[588.235,384.235,100]},{"i":{"x":[0.667,0.667,0.667],"y":[1,1,1]},"o":{"x":[0.333,0.333,0.333],"y":[0,0,0]},"t":30,"s":[588.235,384.235,100],"e":[588.235,384.235,100]},{"i":{"x":[0.667,0.667,0.667],"y":[1,1,1]},"o":{"x":[0.333,0.333,0.333],"y":[0,0,0]},"t":90,"s":[588.235,384.235,100],"e":[588.235,588.235,100]},{"t":98}],"ix":6}},"ao":0,"shapes":[{"ty":"gr","it":[{"ind":0,"ty":"sh","ix":1,"ks":{"a":1,"k":[{"i":{"x":0.833,"y":0.833},"o":{"x":0.167,"y":0.167},"t":0,"s":[{"i":[[0.85,1.06],[0.12,0.14],[0.08,0.11],[0.08,0.06],[0,0],[0.31,0.27],[0.8,0.35],[0.83,-0.01],[-0.08,0],[0,0],[0,0],[0,0],[0,0],[0,0],[0,0],[0.08,-0.01],[0.19,-0.03],[0.4,-0.17],[0.64,-0.54],[0.35,-0.4],[0,0],[0,0],[1.37,1.22],[-0.43,1.24],[-0.07,0.21],[-0.18,0.38],[-0.93,1.21],[-1.78,1.03],[-1.08,0.29],[-0.7,0.08],[-0.13,0],[0,0],[-1.09,-0.29],[-0.9,-0.5],[-0.91,-1.21],[-0.29,-0.52],[-0.19,-0.43],[-0.04,-0.12],[-0.03,-0.09],[0,0],[1.77,-0.57]],"o":[[0,0],[-0.06,-0.07],[-0.09,-0.11],[0,0],[-0.25,-0.25],[-0.64,-0.54],[-0.81,-0.34],[0.35,-0.01],[0,0],[0,0],[0,0],[0,0],[0,0],[0,0],[-0.26,0],[-0.07,-0.01],[-0.4,0.1],[-0.8,0.35],[-0.63,0.54],[-0.36,0.41],[0,0],[-1.22,1.37],[-1.04,-0.92],[0,0],[0.08,-0.21],[0.33,-0.78],[0.91,-1.21],[0.9,-0.49],[0.56,-0.13],[0.3,-0.04],[0,0],[1.14,0.02],[1.08,0.28],[1.78,1.03],[0.47,0.6],[0.29,0.5],[0.11,0.22],[0.04,0.13],[0,0],[0.57,1.77],[-1.36,0.44]],"v":[[6.735,5.435],[6.555,5.215],[6.345,4.945],[6.085,4.655],[5.465,4.035],[4.605,3.245],[2.405,1.855],[-0.045,1.335],[0.125,1.335],[0.115,1.335],[0.095,1.335],[0.055,1.335],[-0.015,1.335],[-0.165,1.335],[-0.455,1.345],[-0.745,1.375],[-1.285,1.465],[-2.505,1.855],[-4.705,3.245],[-6.215,4.715],[-6.785,5.355],[-7.085,5.695],[-11.775,5.975],[-12.705,2.375],[-12.595,2.055],[-12.245,1.145],[-10.425,-1.935],[-6.395,-5.475],[-3.425,-6.725],[-1.685,-7.065],[-0.815,-7.155],[-0.055,-7.195],[3.315,-6.725],[6.285,-5.475],[10.315,-1.935],[11.445,-0.235],[12.165,1.205],[12.365,1.705],[12.475,2.035],[12.565,2.305],[10.395,6.545]],"c":true}],"e":[{"i":[[0.85,1.06],[0.12,0.14],[0.08,0.11],[0.08,0.06],[0,0],[0.31,0.27],[0.8,0.35],[0.83,-0.01],[-0.08,0],[0,0],[0,0],[0,0],[0,0],[0,0],[0,0],[0.08,-0.01],[0.19,-0.03],[0.4,-0.17],[0.64,-0.54],[0.35,-0.4],[0,0],[0,0],[1.37,1.22],[-0.43,1.24],[-0.07,0.21],[-0.18,0.38],[-0.93,1.21],[-1.78,1.03],[-1.08,0.29],[-0.7,0.08],[-0.13,0],[0,0],[-1.09,-0.29],[-0.9,-0.5],[-0.91,-1.21],[-0.29,-0.52],[-0.19,-0.43],[-0.04,-0.12],[-0.03,-0.09],[0,0],[1.77,-0.57]],"o":[[0,0],[-0.06,-0.07],[-0.09,-0.11],[0,0],[-0.25,-0.25],[-0.64,-0.54],[-0.81,-0.34],[0.35,-0.01],[0,0],[0,0],[0,0],[0,0],[0,0],[0,0],[-0.26,0],[-0.07,-0.01],[-0.4,0.1],[-0.8,0.35],[-0.63,0.54],[-0.36,0.41],[0,0],[-1.22,1.37],[-1.04,-0.92],[0,0],[0.08,-0.21],[0.33,-0.78],[0.91,-1.21],[0.9,-0.49],[0.56,-0.13],[0.3,-0.04],[0,0],[1.14,0.02],[1.08,0.28],[1.78,1.03],[0.47,0.6],[0.29,0.5],[0.11,0.22],[0.04,0.13],[0,0],[0.57,1.77],[-1.36,0.44]],"v":[[6.735,5.435],[6.555,5.215],[6.345,4.945],[6.085,4.655],[5.465,4.035],[4.605,3.245],[2.405,1.855],[-0.045,1.335],[0.125,1.335],[0.115,1.335],[0.095,1.335],[0.055,1.335],[-0.015,1.335],[-0.165,1.335],[-0.455,1.345],[-0.745,1.375],[-1.285,1.465],[-2.505,1.855],[-4.705,3.245],[-6.215,4.715],[-6.785,5.355],[-7.085,5.695],[-11.775,5.975],[-12.705,2.375],[-12.595,2.055],[-12.245,1.145],[-10.425,-1.935],[-6.395,-5.475],[-3.425,-6.725],[-1.685,-7.065],[-0.815,-7.155],[-0.055,-7.195],[3.315,-6.725],[6.285,-5.475],[10.315,-1.935],[11.445,-0.235],[12.165,1.205],[12.365,1.705],[12.475,2.035],[12.565,2.305],[10.395,6.545]],"c":true}]},{"t":30}],"ix":2},"nm":"Path 1","mn":"ADBE Vector Shape - Group","hd":false},{"ty":"fl","c":{"a":0,"k":[0.141176470588,0.141176470588,0.141176470588,1],"ix":4},"o":{"a":0,"k":100,"ix":5},"r":1,"bm":0,"nm":"Fill 1","mn":"ADBE Vector Graphic - Fill","hd":false},{"ty":"tr","p":{"a":0,"k":[-21.905,-11.848],"ix":2},"a":{"a":0,"k":[0,0],"ix":1},"s":{"a":0,"k":[100,100],"ix":3},"r":{"a":0,"k":0,"ix":6},"o":{"a":0,"k":100,"ix":7},"sk":{"a":0,"k":0,"ix":4},"sa":{"a":0,"k":0,"ix":5},"nm":"Transform"}],"nm":"Shape 1","np":3,"cix":2,"bm":0,"ix":1,"mn":"ADBE Vector Group","hd":false}],"ip":0,"op":1200,"st":0,"bm":0}],"markers":[]}