{"v":"5.5.1","fr":60,"ip":0,"op":121,"w":128,"h":128,"nm":"emoji-heart-eyes","ddd":0,"assets":[],"layers":[{"ddd":0,"ind":1,"ty":4,"nm":"right heart","sr":1,"ks":{"o":{"a":0,"k":100,"ix":11},"r":{"a":0,"k":0,"ix":10},"p":{"a":0,"k":[92.499,49.438,0],"ix":2},"a":{"a":0,"k":[0,0,0],"ix":1},"s":{"a":1,"k":[{"i":{"x":[0.457,0.457,0.667],"y":[1,1,1]},"o":{"x":[0.532,0.532,0.333],"y":[0,0,0]},"t":0,"s":[100,100,100],"e":[122,122,100]},{"i":{"x":[0.457,0.457,0.667],"y":[1,1,1]},"o":{"x":[0.512,0.512,0.167],"y":[0,0,0]},"t":10,"s":[122,122,100],"e":[100,100,100]},{"i":{"x":[0.667,0.667,0.667],"y":[1,1,1]},"o":{"x":[0.167,0.167,0.167],"y":[0,0,0]},"t":20,"s":[100,100,100],"e":[100,100,100]},{"i":{"x":[0.457,0.457,0.667],"y":[1,1,1]},"o":{"x":[0.532,0.532,0.333],"y":[0,0,0]},"t":40,"s":[100,100,100],"e":[122,122,100]},{"i":{"x":[0.457,0.457,0.667],"y":[1,1,1]},"o":{"x":[0.512,0.512,0.167],"y":[0,0,0]},"t":50,"s":[122,122,100],"e":[100,100,100]},{"i":{"x":[0.667,0.667,0.667],"y":[1,1,1]},"o":{"x":[0.167,0.167,0.167],"y":[0,0,0]},"t":60,"s":[100,100,100],"e":[100,100,100]},{"i":{"x":[0.457,0.457,0.667],"y":[1,1,1]},"o":{"x":[0.532,0.532,0.333],"y":[0,0,0]},"t":80,"s":[100,100,100],"e":[122,122,100]},{"i":{"x":[0.457,0.457,0.667],"y":[1,1,1]},"o":{"x":[0.512,0.512,0.167],"y":[0,0,0]},"t":90,"s":[122,122,100],"e":[100,100,100]},{"t":100}],"ix":6}},"ao":0,"shapes":[{"ty":"gr","it":[{"ind":0,"ty":"sh","ix":1,"ks":{"a":0,"k":{"i":[[0.94,-0.25],[4.05,6.15],[-1.88,7.34],[-5.08,0],[-0.93,-0.26],[-1.08,-3.89],[0,0],[0,0],[-3.04,0],[-0.91,-0.24],[-1.55,-2.61],[0.75,-2.9],[6,-3.13]],"o":[[-0.72,-0.7],[-3.74,-5.68],[1.25,-4.9],[0.97,0],[4,1.03],[0,0],[0,0],[2.12,-2.13],[0.95,0],[2.97,0.77],[1.55,2.6],[-1.88,7.37],[-6.52,3.4]],"v":[[-6.355,20.61],[-15.765,9.17],[-21.695,-12.15],[-10.775,-20.61],[-7.905,-20.22],[0.305,-12.24],[1.225,-8.93],[3.655,-11.36],[11.775,-14.71],[14.585,-14.35],[21.585,-9.11],[22.825,-0.57],[7.395,15.21]],"c":true},"ix":2},"nm":"Path 1","mn":"ADBE Vector Shape - Group","hd":false},{"ty":"st","c":{"a":0,"k":[0.701960784314,0,0.360784313725,1],"ix":3},"o":{"a":0,"k":100,"ix":4},"w":{"a":0,"k":4,"ix":5},"lc":1,"lj":1,"ml":4,"bm":0,"nm":"Stroke 1","mn":"ADBE Vector Graphic - Stroke","hd":false},{"ty":"fl","c":{"a":0,"k":[0.8,0.090196078431,0.458823529412,1],"ix":4},"o":{"a":0,"k":100,"ix":5},"r":1,"bm":0,"nm":"Fill 1","mn":"ADBE Vector Graphic - Fill","hd":false},{"ty":"tr","p":{"a":0,"k":[0,0],"ix":2},"a":{"a":0,"k":[0,0],"ix":1},"s":{"a":0,"k":[100,100],"ix":3},"r":{"a":0,"k":0,"ix":6},"o":{"a":0,"k":100,"ix":7},"sk":{"a":0,"k":0,"ix":4},"sa":{"a":0,"k":0,"ix":5},"nm":"Transform"}],"nm":"Shape 1","np":3,"cix":2,"bm":0,"ix":1,"mn":"ADBE Vector Group","hd":false}],"ip":0,"op":1200,"st":0,"bm":0},{"ddd":0,"ind":2,"ty":4,"nm":"left heart","sr":1,"ks":{"o":{"a":0,"k":100,"ix":11},"r":{"a":0,"k":0,"ix":10},"p":{"a":0,"k":[35.999,49.438,0],"ix":2},"a":{"a":0,"k":[0,0,0],"ix":1},"s":{"a":1,"k":[{"i":{"x":[0.457,0.457,0.667],"y":[1,1,1]},"o":{"x":[0.532,0.532,0.333],"y":[0,0,0]},"t":0,"s":[100,100,100],"e":[122,122,100]},{"i":{"x":[0.457,0.457,0.667],"y":[1,1,1]},"o":{"x":[0.512,0.512,0.167],"y":[0,0,0]},"t":10,"s":[122,122,100],"e":[100,100,100]},{"i":{"x":[0.667,0.667,0.667],"y":[1,1,1]},"o":{"x":[0.167,0.167,0.167],"y":[0,0,0]},"t":20,"s":[100,100,100],"e":[100,100,100]},{"i":{"x":[0.457,0.457,0.667],"y":[1,1,1]},"o":{"x":[0.532,0.532,0.333],"y":[0,0,0]},"t":40,"s":[100,100,100],"e":[122,122,100]},{"i":{"x":[0.457,0.457,0.667],"y":[1,1,1]},"o":{"x":[0.512,0.512,0.167],"y":[0,0,0]},"t":50,"s":[122,122,100],"e":[100,100,100]},{"i":{"x":[0.667,0.667,0.667],"y":[1,1,1]},"o":{"x":[0.167,0.167,0.167],"y":[0,0,0]},"t":60,"s":[100,100,100],"e":[100,100,100]},{"i":{"x":[0.457,0.457,0.667],"y":[1,1,1]},"o":{"x":[0.532,0.532,0.333],"y":[0,0,0]},"t":80,"s":[100,100,100],"e":[122,122,100]},{"i":{"x":[0.457,0.457,0.667],"y":[1,1,1]},"o":{"x":[0.512,0.512,0.167],"y":[0,0,0]},"t":90,"s":[122,122,100],"e":[100,100,100]},{"t":100}],"ix":6}},"ao":0,"shapes":[{"ty":"gr","it":[{"ind":0,"ty":"sh","ix":1,"ks":{"a":0,"k":{"i":[[1.38,-1.4],[6.52,3.26],[2.01,7.32],[-1.5,2.63],[-2.95,0.83],[-1.02,0],[-2.11,-2.04],[0,0],[0,0],[-3.95,1.1],[-1.03,0],[-1.31,-4.79]],"o":[[-1.03,-0.26],[-6.06,-3.03],[-0.81,-2.9],[1.5,-2.63],[0.97,-0.28],[2.96,0],[0,0],[0,0],[1.01,-3.91],[1.03,-0.31],[4.99,0],[3.8,13.84]],"v":[[5.895,20.65],[-7.935,15.49],[-23.635,-0.01],[-22.555,-8.57],[-15.655,-13.93],[-12.655,-14.35],[-4.675,-11.14],[-2.205,-8.75],[-1.345,-12.08],[6.685,-20.19],[9.775,-20.65],[20.645,-12.38]],"c":true},"ix":2},"nm":"Path 1","mn":"ADBE Vector Shape - Group","hd":false},{"ty":"st","c":{"a":0,"k":[0.701960784314,0,0.360784313725,1],"ix":3},"o":{"a":0,"k":100,"ix":4},"w":{"a":0,"k":4,"ix":5},"lc":1,"lj":1,"ml":4,"bm":0,"nm":"Stroke 1","mn":"ADBE Vector Graphic - Stroke","hd":false},{"ty":"fl","c":{"a":0,"k":[0.8,0.090196078431,0.458823529412,1],"ix":4},"o":{"a":0,"k":100,"ix":5},"r":1,"bm":0,"nm":"Fill 1","mn":"ADBE Vector Graphic - Fill","hd":false},{"ty":"tr","p":{"a":0,"k":[0,0],"ix":2},"a":{"a":0,"k":[0,0],"ix":1},"s":{"a":0,"k":[100,100],"ix":3},"r":{"a":0,"k":0,"ix":6},"o":{"a":0,"k":100,"ix":7},"sk":{"a":0,"k":0,"ix":4},"sa":{"a":0,"k":0,"ix":5},"nm":"Transform"}],"nm":"Shape 1","np":3,"cix":2,"bm":0,"ix":1,"mn":"ADBE Vector Group","hd":false}],"ip":0,"op":1200,"st":0,"bm":0},{"ddd":0,"ind":3,"ty":4,"nm":"mouth","sr":1,"ks":{"o":{"a":0,"k":100,"ix":11},"r":{"a":0,"k":0,"ix":10},"p":{"a":0,"k":[63.999,90.438,0],"ix":2},"a":{"a":0,"k":[0,0,0],"ix":1},"s":{"a":0,"k":[100,100,100],"ix":6}},"ao":0,"shapes":[{"ty":"gr","it":[{"ind":0,"ty":"sh","ix":1,"ks":{"a":0,"k":{"i":[[3.58,0],[3.38,1.18],[-4.16,-6.32],[-8.62,0],[-4.33,6.58],[7.16,-2.5]],"o":[[-3.58,0],[-7.15,-2.5],[4.33,6.58],[8.62,0],[4.16,-6.33],[-3.37,1.18]],"v":[[0.01,-8.015],[-10.49,-9.805],[-19.69,2.085],[0,12.305],[19.69,2.085],[10.49,-9.805]],"c":true},"ix":2},"nm":"Path 1","mn":"ADBE Vector Shape - Group","hd":false},{"ty":"fl","c":{"a":0,"k":[0.141176470588,0.141176470588,0.141176470588,1],"ix":4},"o":{"a":0,"k":100,"ix":5},"r":1,"bm":0,"nm":"Fill 1","mn":"ADBE Vector Graphic - Fill","hd":false},{"ty":"tr","p":{"a":0,"k":[0,0],"ix":2},"a":{"a":0,"k":[0,0],"ix":1},"s":{"a":0,"k":[100,100],"ix":3},"r":{"a":0,"k":0,"ix":6},"o":{"a":0,"k":100,"ix":7},"sk":{"a":0,"k":0,"ix":4},"sa":{"a":0,"k":0,"ix":5},"nm":"Transform"}],"nm":"Shape 1","np":3,"cix":2,"bm":0,"ix":1,"mn":"ADBE Vector Group","hd":false}],"ip":0,"op":1200,"st":0,"bm":0}],"markers":[]}