{"v":"5.5.1","fr":60,"ip":0,"op":121,"w":128,"h":128,"nm":"emoji-head-mad-02","ddd":0,"assets":[],"layers":[{"ddd":0,"ind":1,"ty":3,"nm":"shake","sr":1,"ks":{"o":{"a":0,"k":0,"ix":11},"r":{"a":0,"k":0,"ix":10},"p":{"s":true,"x":{"a":1,"k":[{"i":{"x":[0.498],"y":[1]},"o":{"x":[0.577],"y":[0]},"t":62,"s":[64],"e":[75]},{"i":{"x":[0.498],"y":[1]},"o":{"x":[0.577],"y":[0]},"t":70,"s":[75],"e":[55]},{"i":{"x":[0.474],"y":[1]},"o":{"x":[0.612],"y":[0]},"t":78,"s":[55],"e":[75]},{"i":{"x":[0.441],"y":[1]},"o":{"x":[0.659],"y":[0]},"t":85,"s":[75],"e":[61]},{"i":{"x":[0.441],"y":[1]},"o":{"x":[0.659],"y":[0]},"t":91,"s":[61],"e":[69]},{"i":{"x":[0.441],"y":[1]},"o":{"x":[0.659],"y":[0]},"t":97,"s":[69],"e":[62]},{"i":{"x":[0.441],"y":[1]},"o":{"x":[0.659],"y":[0]},"t":103,"s":[62],"e":[70]},{"i":{"x":[0.329],"y":[1]},"o":{"x":[0.821],"y":[0]},"t":109,"s":[70],"e":[64]},{"t":113}],"ix":3},"y":{"a":0,"k":77,"ix":4}},"a":{"a":0,"k":[0,0,0],"ix":1},"s":{"a":0,"k":[100,100,100],"ix":6}},"ao":0,"ip":0,"op":240,"st":0,"bm":0},{"ddd":0,"ind":2,"ty":4,"nm":"right eyebrow","parent":1,"sr":1,"ks":{"o":{"a":0,"k":100,"ix":11},"r":{"a":1,"k":[{"i":{"x":[0.527],"y":[1]},"o":{"x":[0.483],"y":[0]},"t":10,"s":[0],"e":[30]},{"i":{"x":[0.527],"y":[1]},"o":{"x":[0.333],"y":[0]},"t":28,"s":[30],"e":[30]},{"i":{"x":[0.667],"y":[1]},"o":{"x":[0.333],"y":[0]},"t":35,"s":[30],"e":[30]},{"i":{"x":[0.425],"y":[1]},"o":{"x":[0.585],"y":[0]},"t":50,"s":[30],"e":[0]},{"i":{"x":[0.425],"y":[1]},"o":{"x":[0.167],"y":[0]},"t":62,"s":[0],"e":[0]},{"t":113}],"ix":10},"p":{"s":true,"x":{"a":0,"k":18.025,"ix":3},"y":{"a":1,"k":[{"i":{"x":[0.527],"y":[1]},"o":{"x":[0.483],"y":[0]},"t":10,"s":[-11.264],"e":[-37.889]},{"i":{"x":[0.527],"y":[1]},"o":{"x":[0.333],"y":[0]},"t":28,"s":[-37.889],"e":[-37.889]},{"i":{"x":[0.667],"y":[1]},"o":{"x":[0.333],"y":[0]},"t":35,"s":[-37.889],"e":[-37.889]},{"i":{"x":[0.425],"y":[1]},"o":{"x":[0.585],"y":[0]},"t":50,"s":[-37.889],"e":[-11.389]},{"i":{"x":[0.528],"y":[1]},"o":{"x":[0.228],"y":[0]},"t":62,"s":[-11.389],"e":[-5.639]},{"i":{"x":[0.577],"y":[1]},"o":{"x":[0.254],"y":[0]},"t":92,"s":[-5.639],"e":[-11.389]},{"t":113}],"ix":4}},"a":{"a":0,"k":[0,0,0],"ix":1},"s":{"a":0,"k":[100,100,100],"ix":6}},"ao":0,"shapes":[{"ty":"gr","it":[{"ind":0,"ty":"sh","ix":1,"ks":{"a":0,"k":{"i":[[-1.11,0],[-0.54,0.47],[-3.59,1.76],[0.31,1.35],[1.34,0],[0.25,-0.07],[1.24,-0.57],[2.24,-2.82],[-0.49,-1.01]],"o":[[0.69,0],[2.98,-2.55],[1.34,-0.65],[-0.31,-1.34],[-0.25,0],[-1.32,0.34],[-3.33,1.56],[-0.71,0.9],[0.51,1.02]],"v":[[-8.525,8],[-6.635,7.28],[9.695,-2.41],[11.365,-5.73],[8.575,-8],[7.825,-7.9],[3.975,-6.53],[-10.825,3.27],[-11.185,6.32]],"c":true},"ix":2},"nm":"Path 1","mn":"ADBE Vector Shape - Group","hd":false},{"ty":"fl","c":{"a":0,"k":[0.141176470588,0.141176470588,0.141176470588,1],"ix":4},"o":{"a":0,"k":100,"ix":5},"r":1,"bm":0,"nm":"Fill 1","mn":"ADBE Vector Graphic - Fill","hd":false},{"ty":"tr","p":{"a":0,"k":[0,0],"ix":2},"a":{"a":0,"k":[0,0],"ix":1},"s":{"a":0,"k":[100,100],"ix":3},"r":{"a":0,"k":0,"ix":6},"o":{"a":0,"k":100,"ix":7},"sk":{"a":0,"k":0,"ix":4},"sa":{"a":0,"k":0,"ix":5},"nm":"Transform"}],"nm":"Shape 1","np":3,"cix":2,"bm":0,"ix":1,"mn":"ADBE Vector Group","hd":false}],"ip":0,"op":240,"st":0,"bm":0},{"ddd":0,"ind":3,"ty":4,"nm":"right eye","parent":1,"sr":1,"ks":{"o":{"a":0,"k":100,"ix":11},"r":{"a":0,"k":0,"ix":10},"p":{"s":true,"x":{"a":0,"k":17.338,"ix":3},"y":{"a":1,"k":[{"i":{"x":[0.527],"y":[1]},"o":{"x":[0.483],"y":[0]},"t":10,"s":[-3.201],"e":[-18.201]},{"i":{"x":[0.527],"y":[1]},"o":{"x":[0.333],"y":[0]},"t":28,"s":[-18.201],"e":[-18.201]},{"i":{"x":[0.667],"y":[1]},"o":{"x":[0.333],"y":[0]},"t":35,"s":[-18.201],"e":[-18.201]},{"i":{"x":[0.425],"y":[1]},"o":{"x":[0.585],"y":[0]},"t":50,"s":[-18.201],"e":[-3.201]},{"i":{"x":[0.528],"y":[1]},"o":{"x":[0.228],"y":[0]},"t":62,"s":[-3.201],"e":[1.549]},{"i":{"x":[0.577],"y":[1]},"o":{"x":[0.254],"y":[0]},"t":92,"s":[1.549],"e":[-3.201]},{"t":113}],"ix":4}},"a":{"a":0,"k":[0,0,0],"ix":1},"s":{"a":1,"k":[{"i":{"x":[0.833,0.833,0.833],"y":[0.833,0.833,0.833]},"o":{"x":[0.167,0.167,0.167],"y":[0.167,0.167,0.167]},"t":62,"s":[100,100,100],"e":[100,60,100]},{"i":{"x":[0.833,0.833,0.833],"y":[0.833,0.833,0.833]},"o":{"x":[0.167,0.167,0.167],"y":[0.167,0.167,0.167]},"t":92,"s":[100,60,100],"e":[100,100,100]},{"t":113}],"ix":6}},"ao":0,"shapes":[{"ty":"gr","it":[{"ind":0,"ty":"sh","ix":1,"ks":{"a":0,"k":{"i":[[0,0],[-4.14,0],[0,4.29],[0,0],[4.14,0],[0,-4.29]],"o":[[0,4.29],[4.14,0],[0,0],[0,-4.29],[-4.14,0],[0,0]],"v":[[-7.5,0.73],[0,8.5],[7.5,0.73],[7.5,-0.73],[0,-8.5],[-7.5,-0.73]],"c":true},"ix":2},"nm":"Path 1","mn":"ADBE Vector Shape - Group","hd":false},{"ty":"fl","c":{"a":0,"k":[0.141176470588,0.141176470588,0.141176470588,1],"ix":4},"o":{"a":0,"k":100,"ix":5},"r":1,"bm":0,"nm":"Fill 1","mn":"ADBE Vector Graphic - Fill","hd":false},{"ty":"tr","p":{"a":0,"k":[0,0],"ix":2},"a":{"a":0,"k":[0,0],"ix":1},"s":{"a":0,"k":[100,100],"ix":3},"r":{"a":0,"k":0,"ix":6},"o":{"a":0,"k":100,"ix":7},"sk":{"a":0,"k":0,"ix":4},"sa":{"a":0,"k":0,"ix":5},"nm":"Transform"}],"nm":"Shape 1","np":3,"cix":2,"bm":0,"ix":1,"mn":"ADBE Vector Group","hd":false}],"ip":0,"op":240,"st":0,"bm":0},{"ddd":0,"ind":4,"ty":4,"nm":"left eyebrow","parent":1,"sr":1,"ks":{"o":{"a":0,"k":100,"ix":11},"r":{"a":1,"k":[{"i":{"x":[0.527],"y":[1]},"o":{"x":[0.483],"y":[0]},"t":10,"s":[0],"e":[-30]},{"i":{"x":[0.527],"y":[1]},"o":{"x":[0.333],"y":[0]},"t":28,"s":[-30],"e":[-30]},{"i":{"x":[0.667],"y":[1]},"o":{"x":[0.333],"y":[0]},"t":35,"s":[-30],"e":[-30]},{"i":{"x":[0.425],"y":[1]},"o":{"x":[0.585],"y":[0]},"t":50,"s":[-30],"e":[0]},{"i":{"x":[0.425],"y":[1]},"o":{"x":[0.167],"y":[0]},"t":62,"s":[0],"e":[0]},{"t":113}],"ix":10},"p":{"s":true,"x":{"a":0,"k":-16.287,"ix":3},"y":{"a":1,"k":[{"i":{"x":[0.527],"y":[1]},"o":{"x":[0.483],"y":[0]},"t":10,"s":[-11.264],"e":[-37.764]},{"i":{"x":[0.527],"y":[1]},"o":{"x":[0.333],"y":[0]},"t":28,"s":[-37.764],"e":[-37.764]},{"i":{"x":[0.667],"y":[1]},"o":{"x":[0.333],"y":[0]},"t":35,"s":[-37.764],"e":[-37.764]},{"i":{"x":[0.425],"y":[1]},"o":{"x":[0.585],"y":[0]},"t":50,"s":[-37.764],"e":[-11.264]},{"i":{"x":[0.528],"y":[1]},"o":{"x":[0.228],"y":[0]},"t":62,"s":[-11.264],"e":[-5.514]},{"i":{"x":[0.577],"y":[1]},"o":{"x":[0.254],"y":[0]},"t":92,"s":[-5.514],"e":[-11.264]},{"t":113}],"ix":4}},"a":{"a":0,"k":[0,0,0],"ix":1},"s":{"a":0,"k":[100,100,100],"ix":6}},"ao":0,"shapes":[{"ty":"gr","it":[{"ind":0,"ty":"sh","ix":1,"ks":{"a":0,"k":{"i":[[1.12,0],[0.55,0.47],[3.59,1.76],[-0.31,1.35],[-1.34,0],[-0.25,-0.07],[-1.24,-0.57],[-2.24,-2.82],[0.49,-1.01]],"o":[[-0.69,0],[-2.98,-2.55],[-1.34,-0.65],[0.31,-1.34],[0.25,0],[1.32,0.34],[3.33,1.56],[0.71,0.9],[-0.5,1.02]],"v":[[8.525,8],[6.635,7.28],[-9.695,-2.41],[-11.365,-5.73],[-8.575,-8],[-7.825,-7.9],[-3.975,-6.53],[10.825,3.27],[11.185,6.32]],"c":true},"ix":2},"nm":"Path 1","mn":"ADBE Vector Shape - Group","hd":false},{"ty":"fl","c":{"a":0,"k":[0.141176470588,0.141176470588,0.141176470588,1],"ix":4},"o":{"a":0,"k":100,"ix":5},"r":1,"bm":0,"nm":"Fill 1","mn":"ADBE Vector Graphic - Fill","hd":false},{"ty":"tr","p":{"a":0,"k":[0,0],"ix":2},"a":{"a":0,"k":[0,0],"ix":1},"s":{"a":0,"k":[100,100],"ix":3},"r":{"a":0,"k":0,"ix":6},"o":{"a":0,"k":100,"ix":7},"sk":{"a":0,"k":0,"ix":4},"sa":{"a":0,"k":0,"ix":5},"nm":"Transform"}],"nm":"Shape 1","np":3,"cix":2,"bm":0,"ix":1,"mn":"ADBE Vector Group","hd":false}],"ip":0,"op":240,"st":0,"bm":0},{"ddd":0,"ind":5,"ty":4,"nm":"left eye","parent":1,"sr":1,"ks":{"o":{"a":0,"k":100,"ix":11},"r":{"a":0,"k":0,"ix":10},"p":{"s":true,"x":{"a":0,"k":-15.225,"ix":3},"y":{"a":1,"k":[{"i":{"x":[0.527],"y":[1]},"o":{"x":[0.483],"y":[0]},"t":10,"s":[-3.201],"e":[-18.201]},{"i":{"x":[0.527],"y":[1]},"o":{"x":[0.333],"y":[0]},"t":28,"s":[-18.201],"e":[-18.201]},{"i":{"x":[0.667],"y":[1]},"o":{"x":[0.333],"y":[0]},"t":35,"s":[-18.201],"e":[-18.201]},{"i":{"x":[0.425],"y":[1]},"o":{"x":[0.585],"y":[0]},"t":50,"s":[-18.201],"e":[-3.201]},{"i":{"x":[0.528],"y":[1]},"o":{"x":[0.228],"y":[0]},"t":62,"s":[-3.201],"e":[1.549]},{"i":{"x":[0.577],"y":[1]},"o":{"x":[0.254],"y":[0]},"t":92,"s":[1.549],"e":[-3.201]},{"t":113}],"ix":4}},"a":{"a":0,"k":[0,0,0],"ix":1},"s":{"a":1,"k":[{"i":{"x":[0.833,0.833,0.833],"y":[0.833,0.833,0.833]},"o":{"x":[0.167,0.167,0.167],"y":[0.167,0.167,0.167]},"t":62,"s":[100,100,100],"e":[100,60,100]},{"i":{"x":[0.833,0.833,0.833],"y":[0.833,0.833,0.833]},"o":{"x":[0.167,0.167,0.167],"y":[0.167,0.167,0.167]},"t":92,"s":[100,60,100],"e":[100,100,100]},{"t":113}],"ix":6}},"ao":0,"shapes":[{"ty":"gr","it":[{"ind":0,"ty":"sh","ix":1,"ks":{"a":0,"k":{"i":[[0,0],[-4.14,0],[0,4.29],[0,0],[4.14,0],[0,-4.29]],"o":[[0,4.29],[4.14,0],[0,0],[0,-4.29],[-4.14,0],[0,0]],"v":[[-7.5,0.73],[0,8.5],[7.5,0.73],[7.5,-0.73],[0,-8.5],[-7.5,-0.73]],"c":true},"ix":2},"nm":"Path 1","mn":"ADBE Vector Shape - Group","hd":false},{"ty":"fl","c":{"a":0,"k":[0.141176470588,0.141176470588,0.141176470588,1],"ix":4},"o":{"a":0,"k":100,"ix":5},"r":1,"bm":0,"nm":"Fill 1","mn":"ADBE Vector Graphic - Fill","hd":false},{"ty":"tr","p":{"a":0,"k":[0,0],"ix":2},"a":{"a":0,"k":[0,0],"ix":1},"s":{"a":0,"k":[100,100],"ix":3},"r":{"a":0,"k":0,"ix":6},"o":{"a":0,"k":100,"ix":7},"sk":{"a":0,"k":0,"ix":4},"sa":{"a":0,"k":0,"ix":5},"nm":"Transform"}],"nm":"Shape 1","np":3,"cix":2,"bm":0,"ix":1,"mn":"ADBE Vector Group","hd":false}],"ip":0,"op":240,"st":0,"bm":0},{"ddd":0,"ind":6,"ty":4,"nm":"mouth","parent":1,"sr":1,"ks":{"o":{"a":0,"k":100,"ix":11},"r":{"a":0,"k":0,"ix":10},"p":{"a":1,"k":[{"i":{"x":0.532,"y":1},"o":{"x":0.445,"y":0},"t":10,"s":[0,17.75,0],"e":[0,11.75,0],"to":[0,0,0],"ti":[0,0,0]},{"i":{"x":0.532,"y":0.532},"o":{"x":0.401,"y":0.401},"t":28,"s":[0,11.75,0],"e":[0,11.75,0],"to":[0,0,0],"ti":[0,0,0]},{"i":{"x":0.532,"y":0.532},"o":{"x":0.401,"y":0.401},"t":35,"s":[0,11.75,0],"e":[0,11.75,0],"to":[0,0,0],"ti":[0,0,0]},{"i":{"x":0.507,"y":1},"o":{"x":0.401,"y":0},"t":50,"s":[0,11.75,0],"e":[0,17.75,0],"to":[0,0,0],"ti":[0,0,0]},{"i":{"x":0.507,"y":1},"o":{"x":0.167,"y":0},"t":62,"s":[0,17.75,0],"e":[0,19.75,0],"to":[0,0,0],"ti":[0,0,0]},{"i":{"x":0.507,"y":1},"o":{"x":0.167,"y":0},"t":92,"s":[0,19.75,0],"e":[0,17.75,0],"to":[0,0,0],"ti":[0,0,0]},{"t":113}],"ix":2},"a":{"a":0,"k":[0,0,0],"ix":1},"s":{"a":0,"k":[100,100,100],"ix":6}},"ao":0,"shapes":[{"ty":"gr","it":[{"ind":0,"ty":"sh","ix":1,"ks":{"a":1,"k":[{"i":{"x":0.532,"y":1},"o":{"x":0.445,"y":0},"t":10,"s":[{"i":[[0.74,0.28],[0.25,0.28],[7.32,0],[4.16,-4.7],[0.34,-0.13],[0.6,0.53],[-0.3,0.77],[-10.05,0],[-2.98,-7.64],[0.58,-0.52]],"o":[[-0.34,-0.13],[-4.16,-4.7],[-7.31,0],[-0.25,0.28],[-0.75,0.28],[-0.58,-0.52],[2.98,-7.63],[10.05,0],[0.3,0.76],[-0.6,0.53]],"v":[[19.2,7.925],[18.31,7.305],[0,-0.485],[-18.31,7.305],[-19.2,7.925],[-21.4,7.515],[-21.89,5.435],[0,-8.205],[21.89,5.435],[21.4,7.515]],"c":true}],"e":[{"i":[[0.74,0.28],[0.326,0.185],[1.312,0],[5.881,-3.734],[0.34,-0.13],[0.6,0.53],[-0.436,0.702],[-8,0],[-3.39,-6.435],[0.58,-0.52]],"o":[[-0.34,-0.13],[-4.935,-2.805],[-3.313,0],[-0.317,0.201],[-0.75,0.28],[-0.58,-0.52],[4.149,-6.676],[6.562,0],[0.381,0.723],[-0.6,0.53]],"v":[[11.263,2.238],[10.372,1.618],[0,-0.985],[-10.819,1.859],[-11.709,2.479],[-13.909,2.069],[-14.399,-0.011],[0,-8.205],[13.952,-0.253],[13.463,1.827]],"c":true}]},{"i":{"x":0.532,"y":1},"o":{"x":0.401,"y":0},"t":28,"s":[{"i":[[0.74,0.28],[0.326,0.185],[1.312,0],[5.881,-3.734],[0.34,-0.13],[0.6,0.53],[-0.436,0.702],[-8,0],[-3.39,-6.435],[0.58,-0.52]],"o":[[-0.34,-0.13],[-4.935,-2.805],[-3.313,0],[-0.317,0.201],[-0.75,0.28],[-0.58,-0.52],[4.149,-6.676],[6.562,0],[0.381,0.723],[-0.6,0.53]],"v":[[11.263,2.238],[10.372,1.618],[0,-0.985],[-10.819,1.859],[-11.709,2.479],[-13.909,2.069],[-14.399,-0.011],[0,-8.205],[13.952,-0.253],[13.463,1.827]],"c":true}],"e":[{"i":[[0.74,0.28],[0.326,0.185],[1.312,0],[5.881,-3.734],[0.34,-0.13],[0.6,0.53],[-0.436,0.702],[-8,0],[-3.39,-6.435],[0.58,-0.52]],"o":[[-0.34,-0.13],[-4.935,-2.805],[-3.313,0],[-0.317,0.201],[-0.75,0.28],[-0.58,-0.52],[4.149,-6.676],[6.562,0],[0.381,0.723],[-0.6,0.53]],"v":[[11.263,2.238],[10.372,1.618],[0,-0.985],[-10.819,1.859],[-11.709,2.479],[-13.909,2.069],[-14.399,-0.011],[0,-8.205],[13.952,-0.253],[13.463,1.827]],"c":true}]},{"i":{"x":0.532,"y":1},"o":{"x":0.401,"y":0},"t":35,"s":[{"i":[[0.74,0.28],[0.326,0.185],[1.312,0],[5.881,-3.734],[0.34,-0.13],[0.6,0.53],[-0.436,0.702],[-8,0],[-3.39,-6.435],[0.58,-0.52]],"o":[[-0.34,-0.13],[-4.935,-2.805],[-3.313,0],[-0.317,0.201],[-0.75,0.28],[-0.58,-0.52],[4.149,-6.676],[6.562,0],[0.381,0.723],[-0.6,0.53]],"v":[[11.263,2.238],[10.372,1.618],[0,-0.985],[-10.819,1.859],[-11.709,2.479],[-13.909,2.069],[-14.399,-0.011],[0,-8.205],[13.952,-0.253],[13.463,1.827]],"c":true}],"e":[{"i":[[0.74,0.28],[0.294,0.234],[7.32,0],[4.694,-4.171],[0.34,-0.13],[0.6,0.53],[-0.3,0.77],[-10.05,0],[-2.98,-7.64],[0.58,-0.52]],"o":[[-0.34,-0.13],[-4.623,-3.68],[-7.31,0],[-0.281,0.249],[-0.75,0.28],[-0.58,-0.52],[2.98,-7.63],[10.05,0],[0.3,0.76],[-0.6,0.53]],"v":[[17.075,4.8],[16.185,4.18],[0,-0.485],[-15.756,4.734],[-16.646,5.354],[-18.846,4.944],[-19.336,2.864],[0,-8.205],[19.765,2.31],[19.275,4.39]],"c":true}]},{"i":{"x":0.507,"y":1},"o":{"x":0.401,"y":0},"t":50,"s":[{"i":[[0.74,0.28],[0.294,0.234],[7.32,0],[4.694,-4.171],[0.34,-0.13],[0.6,0.53],[-0.3,0.77],[-10.05,0],[-2.98,-7.64],[0.58,-0.52]],"o":[[-0.34,-0.13],[-4.623,-3.68],[-7.31,0],[-0.281,0.249],[-0.75,0.28],[-0.58,-0.52],[2.98,-7.63],[10.05,0],[0.3,0.76],[-0.6,0.53]],"v":[[17.075,4.8],[16.185,4.18],[0,-0.485],[-15.756,4.734],[-16.646,5.354],[-18.846,4.944],[-19.336,2.864],[0,-8.205],[19.765,2.31],[19.275,4.39]],"c":true}],"e":[{"i":[[0.74,0.28],[0.25,0.28],[7.32,0],[4.16,-4.7],[0.34,-0.13],[0.6,0.53],[-0.3,0.77],[-10.05,0],[-2.98,-7.64],[0.58,-0.52]],"o":[[-0.34,-0.13],[-4.16,-4.7],[-7.31,0],[-0.25,0.28],[-0.75,0.28],[-0.58,-0.52],[2.98,-7.63],[10.05,0],[0.3,0.76],[-0.6,0.53]],"v":[[19.2,10.925],[18.31,10.305],[0,2.515],[-18.31,10.305],[-19.2,10.925],[-21.4,10.515],[-21.89,8.435],[0,-5.205],[21.89,8.435],[21.4,10.515]],"c":true}]},{"i":{"x":0.507,"y":1},"o":{"x":0.167,"y":0},"t":62,"s":[{"i":[[0.74,0.28],[0.25,0.28],[7.32,0],[4.16,-4.7],[0.34,-0.13],[0.6,0.53],[-0.3,0.77],[-10.05,0],[-2.98,-7.64],[0.58,-0.52]],"o":[[-0.34,-0.13],[-4.16,-4.7],[-7.31,0],[-0.25,0.28],[-0.75,0.28],[-0.58,-0.52],[2.98,-7.63],[10.05,0],[0.3,0.76],[-0.6,0.53]],"v":[[19.2,10.925],[18.31,10.305],[0,2.515],[-18.31,10.305],[-19.2,10.925],[-21.4,10.515],[-21.89,8.435],[0,-5.205],[21.89,8.435],[21.4,10.515]],"c":true}],"e":[{"i":[[0.74,0.28],[0.25,0.28],[7.32,0],[4.16,-4.7],[0.34,-0.13],[0.6,0.53],[-0.3,0.77],[-10.05,0],[-2.98,-7.64],[0.58,-0.52]],"o":[[-0.34,-0.13],[-4.16,-4.7],[-7.31,0],[-0.25,0.28],[-0.75,0.28],[-0.58,-0.52],[2.98,-7.63],[10.05,0],[0.3,0.76],[-0.6,0.53]],"v":[[19.2,10.925],[18.31,10.305],[0,2.515],[-18.31,10.305],[-19.2,10.925],[-21.4,10.515],[-21.89,8.435],[0,-5.205],[21.89,8.435],[21.4,10.515]],"c":true}]},{"i":{"x":0.507,"y":1},"o":{"x":0.167,"y":0},"t":92,"s":[{"i":[[0.74,0.28],[0.25,0.28],[7.32,0],[4.16,-4.7],[0.34,-0.13],[0.6,0.53],[-0.3,0.77],[-10.05,0],[-2.98,-7.64],[0.58,-0.52]],"o":[[-0.34,-0.13],[-4.16,-4.7],[-7.31,0],[-0.25,0.28],[-0.75,0.28],[-0.58,-0.52],[2.98,-7.63],[10.05,0],[0.3,0.76],[-0.6,0.53]],"v":[[19.2,10.925],[18.31,10.305],[0,2.515],[-18.31,10.305],[-19.2,10.925],[-21.4,10.515],[-21.89,8.435],[0,-5.205],[21.89,8.435],[21.4,10.515]],"c":true}],"e":[{"i":[[0.74,0.28],[0.25,0.28],[7.32,0],[4.16,-4.7],[0.34,-0.13],[0.6,0.53],[-0.3,0.77],[-10.05,0],[-2.98,-7.64],[0.58,-0.52]],"o":[[-0.34,-0.13],[-4.16,-4.7],[-7.31,0],[-0.25,0.28],[-0.75,0.28],[-0.58,-0.52],[2.98,-7.63],[10.05,0],[0.3,0.76],[-0.6,0.53]],"v":[[19.2,7.925],[18.31,7.305],[0,-0.485],[-18.31,7.305],[-19.2,7.925],[-21.4,7.515],[-21.89,5.435],[0,-8.205],[21.89,5.435],[21.4,7.515]],"c":true}]},{"t":113}],"ix":2},"nm":"Path 1","mn":"ADBE Vector Shape - Group","hd":false},{"ty":"fl","c":{"a":0,"k":[0.141176470588,0.141176470588,0.141176470588,1],"ix":4},"o":{"a":0,"k":100,"ix":5},"r":1,"bm":0,"nm":"Fill 1","mn":"ADBE Vector Graphic - Fill","hd":false},{"ty":"tr","p":{"a":0,"k":[0,0],"ix":2},"a":{"a":0,"k":[0,0],"ix":1},"s":{"a":0,"k":[100,100],"ix":3},"r":{"a":0,"k":0,"ix":6},"o":{"a":0,"k":100,"ix":7},"sk":{"a":0,"k":0,"ix":4},"sa":{"a":0,"k":0,"ix":5},"nm":"Transform"}],"nm":"Shape 1","np":3,"cix":2,"bm":0,"ix":1,"mn":"ADBE Vector Group","hd":false}],"ip":0,"op":240,"st":0,"bm":0}],"markers":[]}