{"v":"5.1.18","fr":60,"ip":0,"op":156,"w":150,"h":150,"nm":"Archive","ddd":0,"assets":[],"layers":[{"ddd":0,"ind":1,"ty":1,"nm":"Royal Blue Solid 1","parent":6,"sr":1,"ks":{"o":{"a":0,"k":100,"ix":11},"r":{"a":0,"k":0,"ix":10},"p":{"a":0,"k":[-254.211,268.737,0],"ix":2},"a":{"a":0,"k":[540,960,0],"ix":1},"s":{"a":0,"k":[63.158,63.158,100],"ix":6}},"ao":0,"hasMask":true,"masksProperties":[{"inv":false,"mode":"a","pt":{"a":0,"k":{"i":[[0,0],[0,0],[0,0],[0,0]],"o":[[0,0],[0,0],[0,0],[0,0]],"v":[[962.125,547.125],[959.875,550.5],[1001.375,550.375],[999,547.125]],"c":true},"ix":1},"o":{"a":0,"k":100,"ix":3},"x":{"a":0,"k":0,"ix":4},"nm":"Mask 1"}],"sw":1080,"sh":1920,"sc":"#1a73e8","ip":0,"op":156,"st":0,"bm":0},{"ddd":0,"ind":2,"ty":4,"nm":"archive-arrow Outlines 5","sr":1,"ks":{"o":{"a":0,"k":100,"ix":11},"r":{"a":0,"k":0,"ix":10},"p":{"s":true,"x":{"a":0,"k":72,"ix":3},"y":{"a":1,"k":[{"i":{"x":[0.2],"y":[1]},"o":{"x":[0.4],"y":[0]},"n":["0p2_1_0p4_0"],"t":58,"s":[77.5],"e":[117.75]},{"t":75}],"ix":4}},"a":{"a":0,"k":[24,24,0],"ix":1},"s":{"a":0,"k":[158.333,158.333,100],"ix":6}},"ao":0,"shapes":[{"ty":"gr","it":[{"ind":0,"ty":"sh","ix":1,"ks":{"a":0,"k":{"i":[[0,0],[0,0],[0,0],[0,0],[0,0],[0,0],[0,0]],"o":[[0,0],[0,0],[0,0],[0,0],[0,0],[0,0],[0,0]],"v":[[0,7.5],[-11,-3.5],[-4,-3.5],[-4,-7.5],[4,-7.5],[4,-3.5],[11,-3.5]],"c":true},"ix":2},"nm":"Path 1","mn":"ADBE Vector Shape - Group","hd":false},{"ty":"fl","c":{"a":0,"k":[0.101960791794,0.450980422076,0.909803981407,1],"ix":4},"o":{"a":0,"k":100,"ix":5},"r":1,"nm":"Fill 1","mn":"ADBE Vector Graphic - Fill","hd":false},{"ty":"tr","p":{"a":0,"k":[24,27.5],"ix":2},"a":{"a":0,"k":[0,0],"ix":1},"s":{"a":0,"k":[100,100],"ix":3},"r":{"a":0,"k":0,"ix":6},"o":{"a":0,"k":100,"ix":7},"sk":{"a":0,"k":0,"ix":4},"sa":{"a":0,"k":0,"ix":5},"nm":"Transform"}],"nm":"Group 1","np":2,"cix":2,"ix":1,"mn":"ADBE Vector Group","hd":false}],"ip":0,"op":75,"st":-101,"bm":0},{"ddd":0,"ind":3,"ty":1,"nm":"Black Solid 6","td":1,"sr":1,"ks":{"o":{"a":0,"k":100,"ix":11},"r":{"a":0,"k":0,"ix":10},"p":{"a":0,"k":[-368.5,465,0],"ix":2},"a":{"a":0,"k":[540,960,0],"ix":1},"s":{"a":0,"k":[100,100,100],"ix":6}},"ao":0,"hasMask":true,"masksProperties":[{"inv":false,"mode":"a","pt":{"a":0,"k":{"i":[[0,0],[0,0],[0,0],[0,0]],"o":[[0,0],[0,0],[0,0],[0,0]],"v":[[1026.75,500],[944,500],[944.75,543.875],[1026.75,543.875]],"c":true},"ix":1},"o":{"a":0,"k":100,"ix":3},"x":{"a":0,"k":0,"ix":4},"nm":"Mask 1"},{"inv":false,"mode":"a","pt":{"a":0,"k":{"i":[[0,0],[0,0],[0,0],[0,0]],"o":[[0,0],[0,0],[0,0],[0,0]],"v":[[1027.918,547.25],[944.25,547.25],[944.25,550.904],[1027.918,550.904]],"c":true},"ix":1},"o":{"a":0,"k":100,"ix":3},"x":{"a":0,"k":0,"ix":4},"nm":"Mask 2"}],"sw":1080,"sh":1920,"sc":"#000000","ip":0,"op":1200,"st":-1,"bm":0},{"ddd":0,"ind":4,"ty":4,"nm":"archive-arrow Outlines 2","tt":1,"sr":1,"ks":{"o":{"a":0,"k":100,"ix":11},"r":{"a":0,"k":0,"ix":10},"p":{"s":true,"x":{"a":0,"k":72,"ix":3},"y":{"a":1,"k":[{"i":{"x":[0.2],"y":[1]},"o":{"x":[0.8],"y":[0]},"n":["0p2_1_0p8_0"],"t":38,"s":[77.5],"e":[12.875]},{"i":{"x":[0.667],"y":[1]},"o":{"x":[1],"y":[0.008]},"n":["0p667_1_1_0p008"],"t":101,"s":[12.875],"e":[81.5]},{"i":{"x":[0.2],"y":[1]},"o":{"x":[0.333],"y":[0]},"n":["0p2_1_0p333_0"],"t":124,"s":[81.5],"e":[77.5]},{"t":142}],"ix":4}},"a":{"a":0,"k":[24,24,0],"ix":1},"s":{"a":1,"k":[{"i":{"x":[0.2,0.2,0.2],"y":[1,1,1]},"o":{"x":[0.4,0.4,0.4],"y":[0,0,0]},"n":["0p2_1_0p4_0","0p2_1_0p4_0","0p2_1_0p4_0"],"t":60,"s":[0,0,100],"e":[158.333,158.333,100]},{"t":101}],"ix":6}},"ao":0,"shapes":[{"ty":"gr","it":[{"ind":0,"ty":"sh","ix":1,"ks":{"a":0,"k":{"i":[[0,0],[0,0],[0,0],[0,0],[0,0],[0,0],[0,0]],"o":[[0,0],[0,0],[0,0],[0,0],[0,0],[0,0],[0,0]],"v":[[0,7.5],[-11,-3.5],[-4,-3.5],[-4,-7.5],[4,-7.5],[4,-3.5],[11,-3.5]],"c":true},"ix":2},"nm":"Path 1","mn":"ADBE Vector Shape - Group","hd":false},{"ty":"fl","c":{"a":0,"k":[0.948820465686,0.970932006836,1,1],"ix":4},"o":{"a":0,"k":100,"ix":5},"r":1,"nm":"Fill 1","mn":"ADBE Vector Graphic - Fill","hd":false},{"ty":"tr","p":{"a":0,"k":[24,27.5],"ix":2},"a":{"a":0,"k":[0,0],"ix":1},"s":{"a":0,"k":[100,100],"ix":3},"r":{"a":0,"k":0,"ix":6},"o":{"a":0,"k":100,"ix":7},"sk":{"a":0,"k":0,"ix":4},"sa":{"a":0,"k":0,"ix":5},"nm":"Transform"}],"nm":"Group 1","np":2,"cix":2,"ix":1,"mn":"ADBE Vector Group","hd":false}],"ip":0,"op":1200,"st":0,"bm":0},{"ddd":0,"ind":5,"ty":4,"nm":"archive-arrow Outlines 3","sr":1,"ks":{"o":{"a":0,"k":100,"ix":11},"r":{"a":0,"k":0,"ix":10},"p":{"s":true,"x":{"a":0,"k":72,"ix":3},"y":{"a":1,"k":[{"i":{"x":[0.2],"y":[1]},"o":{"x":[0.8],"y":[0]},"n":["0p2_1_0p8_0"],"t":38,"s":[77.5],"e":[12.875]},{"i":{"x":[0.667],"y":[1]},"o":{"x":[1],"y":[0.008]},"n":["0p667_1_1_0p008"],"t":101,"s":[12.875],"e":[81.5]},{"i":{"x":[0.2],"y":[1]},"o":{"x":[0.333],"y":[0]},"n":["0p2_1_0p333_0"],"t":124,"s":[81.5],"e":[77.5]},{"t":142}],"ix":4}},"a":{"a":0,"k":[24,24,0],"ix":1},"s":{"a":0,"k":[158.333,158.333,100],"ix":6}},"ao":0,"shapes":[{"ty":"gr","it":[{"ind":0,"ty":"sh","ix":1,"ks":{"a":0,"k":{"i":[[0,0],[0,0],[0,0],[0,0],[0,0],[0,0],[0,0]],"o":[[0,0],[0,0],[0,0],[0,0],[0,0],[0,0],[0,0]],"v":[[0,7.5],[-11,-3.5],[-4,-3.5],[-4,-7.5],[4,-7.5],[4,-3.5],[11,-3.5]],"c":true},"ix":2},"nm":"Path 1","mn":"ADBE Vector Shape - Group","hd":false},{"ty":"fl","c":{"a":0,"k":[0.101960791794,0.450980422076,0.909803981407,1],"ix":4},"o":{"a":0,"k":100,"ix":5},"r":1,"nm":"Fill 1","mn":"ADBE Vector Graphic - Fill","hd":false},{"ty":"tr","p":{"a":0,"k":[24,27.5],"ix":2},"a":{"a":0,"k":[0,0],"ix":1},"s":{"a":0,"k":[100,100],"ix":3},"r":{"a":0,"k":0,"ix":6},"o":{"a":0,"k":100,"ix":7},"sk":{"a":0,"k":0,"ix":4},"sa":{"a":0,"k":0,"ix":5},"nm":"Transform"}],"nm":"Group 1","np":2,"cix":2,"ix":1,"mn":"ADBE Vector Group","hd":false}],"ip":101,"op":1200,"st":0,"bm":0},{"ddd":0,"ind":6,"ty":4,"nm":"archive-bg Outlines","sr":1,"ks":{"o":{"a":0,"k":100,"ix":11},"r":{"a":0,"k":0,"ix":10},"p":{"s":true,"x":{"a":0,"k":72,"ix":3},"y":{"a":1,"k":[{"i":{"x":[0.999],"y":[1]},"o":{"x":[0.333],"y":[0]},"n":["0p999_1_0p333_0"],"t":116,"s":[77.5],"e":[82.75]},{"i":{"x":[0.2],"y":[1]},"o":{"x":[0.4],"y":[0]},"n":["0p2_1_0p4_0"],"t":124,"s":[82.75],"e":[77.5]},{"t":142}],"ix":4}},"a":{"a":0,"k":[24,24,0],"ix":1},"s":{"a":0,"k":[158.333,158.333,100],"ix":6}},"ao":0,"shapes":[{"ty":"gr","it":[{"ind":0,"ty":"sh","ix":1,"ks":{"a":0,"k":{"i":[[0,0],[0,0],[0,0],[0,0]],"o":[[0,0],[0,0],[0,0],[0,0]],"v":[[-13.755,-13.995],[-12.135,-15.995],[11.865,-15.995],[13.745,-13.995]],"c":true},"ix":2},"nm":"Path 1","mn":"ADBE Vector Shape - Group","hd":false},{"ind":1,"ty":"sh","ix":2,"ks":{"a":0,"k":{"i":[[0.58,0.68],[0,0],[0.92,0.014],[0,0],[0.55,-0.669],[0,0],[0.026,-0.916],[0,0],[-2.144,-0.027],[0,0],[0,2.183],[0,0]],"o":[[0,0],[-0.531,-0.669],[0,0],[-0.92,0.014],[0,0],[-0.557,0.652],[0,0],[0.053,2.136],[0,0],[2.178,-0.027],[0,0],[0,-0.96]],"v":[[17.075,-13.54],[14.295,-16.9],[12.04,-17.995],[-12.05,-17.995],[-14.325,-16.9],[-17.085,-13.54],[-17.995,-11.114],[-17.995,14.099],[-14.054,17.995],[14.044,17.995],[17.995,14],[17.995,-11]],"c":true},"ix":2},"nm":"Path 2","mn":"ADBE Vector Shape - Group","hd":false},{"ty":"mm","mm":1,"nm":"Merge Paths 1","mn":"ADBE Vector Filter - Merge","hd":false},{"ty":"fl","c":{"a":0,"k":[1,1,1,1],"ix":4},"o":{"a":0,"k":100,"ix":5},"r":1,"nm":"Fill 1","mn":"ADBE Vector Graphic - Fill","hd":false},{"ty":"tr","p":{"a":0,"k":[24,23.995],"ix":2},"a":{"a":0,"k":[0,0],"ix":1},"s":{"a":0,"k":[100,100],"ix":3},"r":{"a":0,"k":0,"ix":6},"o":{"a":0,"k":100,"ix":7},"sk":{"a":0,"k":0,"ix":4},"sa":{"a":0,"k":0,"ix":5},"nm":"Transform"}],"nm":"Group 2","np":4,"cix":2,"ix":2,"mn":"ADBE Vector Group","hd":false}],"ip":0,"op":1200,"st":0,"bm":0}],"markers":[]}