{"v":"5.5.1","fr":60,"ip":0,"op":115,"w":100,"h":150,"nm":"Lottie Arrow 2","ddd":0,"assets":[],"layers":[{"ddd":0,"ind":1,"ty":4,"nm":"aarow 2","sr":1,"ks":{"o":{"a":1,"k":[{"i":{"x":[0.2],"y":[1]},"o":{"x":[0.4],"y":[0]},"t":0,"s":[0],"e":[100]},{"t":25}],"ix":11},"r":{"a":0,"k":0,"ix":10},"p":{"s":true,"x":{"a":0,"k":50.375,"ix":3},"y":{"a":1,"k":[{"i":{"x":[0.2],"y":[1]},"o":{"x":[0.4],"y":[0]},"t":0,"s":[19.438],"e":[93.438]},{"i":{"x":[0.667],"y":[1]},"o":{"x":[0.001],"y":[0]},"t":25,"s":[93.438],"e":[93.438]},{"i":{"x":[0.667],"y":[1]},"o":{"x":[0.492],"y":[0]},"t":60,"s":[93.438],"e":[128.438]},{"i":{"x":[0.492],"y":[1]},"o":{"x":[0.333],"y":[0]},"t":73,"s":[128.438],"e":[93.438]},{"t":83}],"ix":4}},"a":{"a":0,"k":[4.375,467.438,0],"ix":1},"s":{"a":0,"k":[100,100,100],"ix":6}},"ao":0,"shapes":[{"ty":"gr","it":[{"ind":0,"ty":"sh","ix":1,"ks":{"a":1,"k":[{"i":{"x":0.667,"y":1},"o":{"x":0.77,"y":0},"t":60,"s":[{"i":[[0,0],[0,0],[0,0]],"o":[[0,0],[0,0],[0,0]],"v":[[-17.75,456.375],[4.625,478.5],[26.5,457]],"c":false}],"e":[{"i":[[0,0],[0,0],[0,0]],"o":[[0,0],[0,0],[0,0]],"v":[[-14,452.75],[4.625,478.5],[22.25,453.25]],"c":false}]},{"i":{"x":0.667,"y":1},"o":{"x":0.333,"y":0},"t":73,"s":[{"i":[[0,0],[0,0],[0,0]],"o":[[0,0],[0,0],[0,0]],"v":[[-14,452.75],[4.625,478.5],[22.25,453.25]],"c":false}],"e":[{"i":[[0,0],[0,0],[0,0]],"o":[[0,0],[0,0],[0,0]],"v":[[-17.75,456.375],[4.625,478.5],[26.5,457]],"c":false}]},{"t":83}],"ix":2},"nm":"Path 1","mn":"ADBE Vector Shape - Group","hd":false},{"ty":"st","c":{"a":0,"k":[0.541176470588,0.705882352941,0.98431372549,1],"ix":3},"o":{"a":0,"k":100,"ix":4},"w":{"a":0,"k":7,"ix":5},"lc":1,"lj":1,"ml":4,"bm":0,"nm":"Stroke 1","mn":"ADBE Vector Graphic - Stroke","hd":false},{"ty":"tr","p":{"a":0,"k":[0,0],"ix":2},"a":{"a":0,"k":[0,0],"ix":1},"s":{"a":0,"k":[100,100],"ix":3},"r":{"a":0,"k":0,"ix":6},"o":{"a":0,"k":100,"ix":7},"sk":{"a":0,"k":0,"ix":4},"sa":{"a":0,"k":0,"ix":5},"nm":"Transform"}],"nm":"Shape 1","np":3,"cix":2,"bm":0,"ix":1,"mn":"ADBE Vector Group","hd":false}],"ip":0,"op":115,"st":-135,"bm":0},{"ddd":0,"ind":2,"ty":1,"nm":"Dark Blue Solid 1","sr":1,"ks":{"o":{"a":0,"k":100,"ix":11},"r":{"a":0,"k":0,"ix":10},"p":{"a":0,"k":[330,120,0],"ix":2},"a":{"a":0,"k":[330,120,0],"ix":1},"s":{"a":0,"k":[100,100,100],"ix":6}},"ao":0,"sw":660,"sh":240,"sc":"#202124","ip":0,"op":1800,"st":0,"bm":0}],"markers":[]}