{"v":"5.1.18","fr":60,"ip":0,"op":114,"w":816,"h":386,"nm":"Full Size","ddd":0,"assets":[{"id":"comp_0","layers":[{"ddd":0,"ind":1,"ty":4,"nm":"3","sr":1,"ks":{"o":{"a":0,"k":100,"ix":11},"r":{"a":0,"k":0,"ix":10},"p":{"s":true,"x":{"a":0,"k":71.883,"ix":3},"y":{"a":1,"k":[{"i":{"x":[0.667],"y":[1]},"o":{"x":[0.656],"y":[0]},"n":["0p667_1_0p656_0"],"t":25,"s":[61.7],"e":[34.7]},{"i":{"x":[0.667],"y":[1]},"o":{"x":[0.743],"y":[0]},"n":["0p667_1_0p743_0"],"t":45,"s":[34.7],"e":[81.95]},{"i":{"x":[0.397],"y":[0.994]},"o":{"x":[0.333],"y":[0]},"n":["0p397_0p994_0p333_0"],"t":55,"s":[81.95],"e":[53.938]},{"i":{"x":[0.409],"y":[1.019]},"o":{"x":[0.374],"y":[0]},"n":["0p409_1p019_0p374_0"],"t":63,"s":[53.938],"e":[61.7]},{"i":{"x":[0.667],"y":[1]},"o":{"x":[0.333],"y":[0]},"n":["0p667_1_0p333_0"],"t":70,"s":[61.7],"e":[61.7]},{"t":110}],"ix":4}},"a":{"a":0,"k":[-1.374,-0.874,0],"ix":1},"s":{"a":1,"k":[{"i":{"x":[0.667,0.667,0.667],"y":[1,1,1]},"o":{"x":[0.47,0.47,0.333],"y":[0,0,0]},"n":["0p667_1_0p47_0","0p667_1_0p47_0","0p667_1_0p333_0"],"t":25,"s":[135,135,100],"e":[168.75,168.75,100]},{"i":{"x":[0.667,0.667,0.667],"y":[1,1,1]},"o":{"x":[0.879,0.879,0.333],"y":[0,0,0]},"n":["0p667_1_0p879_0","0p667_1_0p879_0","0p667_1_0p333_0"],"t":45,"s":[168.75,168.75,100],"e":[114.75,114.75,100]},{"i":{"x":[0.433,0.433,0.667],"y":[1,1,1]},"o":{"x":[0.333,0.333,0.333],"y":[0,0,0]},"n":["0p433_1_0p333_0","0p433_1_0p333_0","0p667_1_0p333_0"],"t":55,"s":[114.75,114.75,100],"e":[141.75,141.75,100]},{"i":{"x":[0.4,0.4,0.667],"y":[1,1,1]},"o":{"x":[0.333,0.333,0.333],"y":[0,0,0]},"n":["0p4_1_0p333_0","0p4_1_0p333_0","0p667_1_0p333_0"],"t":63,"s":[141.75,141.75,100],"e":[135,135,100]},{"i":{"x":[0.667,0.667,0.667],"y":[1,1,1]},"o":{"x":[0.333,0.333,0.333],"y":[0,0,0]},"n":["0p667_1_0p333_0","0p667_1_0p333_0","0p667_1_0p333_0"],"t":70,"s":[135,135,100],"e":[135,135,100]},{"t":110}],"ix":6}},"ao":0,"shapes":[{"ty":"gr","it":[{"d":1,"ty":"el","s":{"a":0,"k":[20,20],"ix":2},"p":{"a":0,"k":[0,0],"ix":3},"nm":"Ellipse Path 1","mn":"ADBE Vector Shape - Ellipse","hd":false},{"ty":"fl","c":{"a":0,"k":[1,1,1,1],"ix":4},"o":{"a":0,"k":100,"ix":5},"r":1,"nm":"Fill 1","mn":"ADBE Vector Graphic - Fill","hd":false},{"ty":"tr","p":{"a":0,"k":[-1.374,-0.874],"ix":2},"a":{"a":0,"k":[0,0],"ix":1},"s":{"a":0,"k":[100,100],"ix":3},"r":{"a":0,"k":0,"ix":6},"o":{"a":0,"k":100,"ix":7},"sk":{"a":0,"k":0,"ix":4},"sa":{"a":0,"k":0,"ix":5},"nm":"Transform"}],"nm":"Ellipse 1","np":3,"cix":2,"ix":1,"mn":"ADBE Vector Group","hd":false}],"ip":0,"op":208,"st":25,"bm":0},{"ddd":0,"ind":2,"ty":4,"nm":"2","sr":1,"ks":{"o":{"a":0,"k":100,"ix":11},"r":{"a":0,"k":0,"ix":10},"p":{"s":true,"x":{"a":0,"k":125.545,"ix":3},"y":{"a":1,"k":[{"i":{"x":[0.65],"y":[1]},"o":{"x":[0.167],"y":[0]},"n":["0p65_1_0p167_0"],"t":45,"s":[61.362],"e":[34.7]},{"i":{"x":[0.667],"y":[1]},"o":{"x":[0.743],"y":[0]},"n":["0p667_1_0p743_0"],"t":65,"s":[34.7],"e":[81.95]},{"i":{"x":[0.397],"y":[0.994]},"o":{"x":[0.333],"y":[0]},"n":["0p397_0p994_0p333_0"],"t":75,"s":[81.95],"e":[53.938]},{"i":{"x":[0.833],"y":[1]},"o":{"x":[0.333],"y":[0]},"n":["0p833_1_0p333_0"],"t":83,"s":[53.938],"e":[61.362]},{"t":90}],"ix":4}},"a":{"a":0,"k":[-1.374,-0.874,0],"ix":1},"s":{"a":1,"k":[{"i":{"x":[0.667,0.667,0.667],"y":[1,1,1]},"o":{"x":[0.47,0.47,0.333],"y":[0,0,0]},"n":["0p667_1_0p47_0","0p667_1_0p47_0","0p667_1_0p333_0"],"t":45,"s":[135,135,100],"e":[168.75,168.75,100]},{"i":{"x":[0.667,0.667,0.667],"y":[1,1,1]},"o":{"x":[0.879,0.879,0.333],"y":[0,0,0]},"n":["0p667_1_0p879_0","0p667_1_0p879_0","0p667_1_0p333_0"],"t":65,"s":[168.75,168.75,100],"e":[114.75,114.75,100]},{"i":{"x":[0.433,0.433,0.667],"y":[1,1,1]},"o":{"x":[0.333,0.333,0.333],"y":[0,0,0]},"n":["0p433_1_0p333_0","0p433_1_0p333_0","0p667_1_0p333_0"],"t":75,"s":[114.75,114.75,100],"e":[141.75,141.75,100]},{"i":{"x":[0.667,0.667,0.667],"y":[1,1,1]},"o":{"x":[0.333,0.333,0.333],"y":[0,0,0]},"n":["0p667_1_0p333_0","0p667_1_0p333_0","0p667_1_0p333_0"],"t":83,"s":[141.75,141.75,100],"e":[135,135,100]},{"t":90}],"ix":6}},"ao":0,"shapes":[{"ty":"gr","it":[{"d":1,"ty":"el","s":{"a":0,"k":[20,20],"ix":2},"p":{"a":0,"k":[0,0],"ix":3},"nm":"Ellipse Path 1","mn":"ADBE Vector Shape - Ellipse","hd":false},{"ty":"fl","c":{"a":0,"k":[1,1,1,1],"ix":4},"o":{"a":0,"k":100,"ix":5},"r":1,"nm":"Fill 1","mn":"ADBE Vector Graphic - Fill","hd":false},{"ty":"tr","p":{"a":0,"k":[-1.374,-0.874],"ix":2},"a":{"a":0,"k":[0,0],"ix":1},"s":{"a":0,"k":[100,100],"ix":3},"r":{"a":0,"k":0,"ix":6},"o":{"a":0,"k":100,"ix":7},"sk":{"a":0,"k":0,"ix":4},"sa":{"a":0,"k":0,"ix":5},"nm":"Transform"}],"nm":"Ellipse 1","np":3,"cix":2,"ix":1,"mn":"ADBE Vector Group","hd":false}],"ip":0,"op":208,"st":45,"bm":0},{"ddd":0,"ind":3,"ty":4,"nm":"1","sr":1,"ks":{"o":{"a":0,"k":100,"ix":11},"r":{"a":0,"k":0,"ix":10},"p":{"s":true,"x":{"a":0,"k":178.195,"ix":3},"y":{"a":1,"k":[{"i":{"x":[0.667],"y":[1]},"o":{"x":[0.656],"y":[0]},"n":["0p667_1_0p656_0"],"t":65,"s":[59],"e":[34.7]},{"i":{"x":[0.667],"y":[1]},"o":{"x":[0.743],"y":[0]},"n":["0p667_1_0p743_0"],"t":85,"s":[34.7],"e":[81.95]},{"i":{"x":[0.397],"y":[0.994]},"o":{"x":[0.333],"y":[0]},"n":["0p397_0p994_0p333_0"],"t":95,"s":[81.95],"e":[53.938]},{"i":{"x":[0.397],"y":[1.03]},"o":{"x":[0.333],"y":[0]},"n":["0p397_1p03_0p333_0"],"t":103,"s":[53.938],"e":[59]},{"t":110}],"ix":4}},"a":{"a":0,"k":[-1.374,-0.874,0],"ix":1},"s":{"a":1,"k":[{"i":{"x":[0.667,0.667,0.667],"y":[1,1,1]},"o":{"x":[0.47,0.47,0.333],"y":[0,0,0]},"n":["0p667_1_0p47_0","0p667_1_0p47_0","0p667_1_0p333_0"],"t":65,"s":[135,135,100],"e":[168.75,168.75,100]},{"i":{"x":[0.667,0.667,0.667],"y":[1,1,1]},"o":{"x":[0.879,0.879,0.333],"y":[0,0,0]},"n":["0p667_1_0p879_0","0p667_1_0p879_0","0p667_1_0p333_0"],"t":85,"s":[168.75,168.75,100],"e":[114.75,114.75,100]},{"i":{"x":[0.433,0.433,0.667],"y":[1,1,1]},"o":{"x":[0.333,0.333,0.333],"y":[0,0,0]},"n":["0p433_1_0p333_0","0p433_1_0p333_0","0p667_1_0p333_0"],"t":95,"s":[114.75,114.75,100],"e":[141.75,141.75,100]},{"i":{"x":[0.4,0.4,0.667],"y":[1,1,1]},"o":{"x":[0.333,0.333,0.333],"y":[0,0,0]},"n":["0p4_1_0p333_0","0p4_1_0p333_0","0p667_1_0p333_0"],"t":103,"s":[141.75,141.75,100],"e":[135,135,100]},{"t":110}],"ix":6}},"ao":0,"shapes":[{"ty":"gr","it":[{"d":1,"ty":"el","s":{"a":0,"k":[20,20],"ix":2},"p":{"a":0,"k":[0,0],"ix":3},"nm":"Ellipse Path 1","mn":"ADBE Vector Shape - Ellipse","hd":false},{"ty":"fl","c":{"a":0,"k":[1,1,1,1],"ix":4},"o":{"a":0,"k":100,"ix":5},"r":1,"nm":"Fill 1","mn":"ADBE Vector Graphic - Fill","hd":false},{"ty":"tr","p":{"a":0,"k":[-1.374,-0.874],"ix":2},"a":{"a":0,"k":[0,0],"ix":1},"s":{"a":0,"k":[100,100],"ix":3},"r":{"a":0,"k":0,"ix":6},"o":{"a":0,"k":100,"ix":7},"sk":{"a":0,"k":0,"ix":4},"sa":{"a":0,"k":0,"ix":5},"nm":"Transform"}],"nm":"Ellipse 1","np":3,"cix":2,"ix":1,"mn":"ADBE Vector Group","hd":false}],"ip":0,"op":208,"st":65,"bm":0},{"ddd":0,"ind":4,"ty":4,"nm":"bg","sr":1,"ks":{"o":{"a":0,"k":100,"ix":11},"r":{"a":0,"k":0,"ix":10},"p":{"a":0,"k":[231.35,109.625,0],"ix":2},"a":{"a":0,"k":[34.5,58.5,0],"ix":1},"s":{"a":0,"k":[135,135,100],"ix":6}},"ao":0,"shapes":[{"ty":"gr","it":[{"ind":0,"ty":"sh","ix":1,"ks":{"a":0,"k":{"i":[[0,0.008],[0,0],[0,4.691],[0,0],[-4.691,0],[0,0],[0,-4.691]],"o":[[0,0],[-4.691,0],[0,0],[0,-4.691],[0,0],[4.691,0],[0,0]],"v":[[7.803,13.311],[-19.777,13.311],[-28.27,4.817],[-28.27,4.817],[-19.777,-3.676],[-0.69,-3.676],[7.803,4.817]],"c":true},"ix":2},"nm":"Path 1","mn":"ADBE Vector Shape - Group","hd":false},{"ty":"fl","c":{"a":0,"k":[0.101960784314,0.450980392157,0.909803921569,1],"ix":4},"o":{"a":0,"k":100,"ix":5},"r":1,"nm":"Fill 1","mn":"ADBE Vector Graphic - Fill","hd":false},{"ty":"tr","p":{"a":0,"k":[0,0],"ix":2},"a":{"a":0,"k":[0,0],"ix":1},"s":{"a":0,"k":[446.683,446.683],"ix":3},"r":{"a":0,"k":0,"ix":6},"o":{"a":0,"k":100,"ix":7},"sk":{"a":0,"k":0,"ix":4},"sa":{"a":0,"k":0,"ix":5},"nm":"Transform"}],"nm":"1","np":3,"cix":2,"ix":1,"mn":"ADBE Vector Group","hd":false}],"ip":0,"op":210,"st":0,"bm":0},{"ddd":0,"ind":5,"ty":3,"nm":"Null 2","sr":1,"ks":{"o":{"a":0,"k":0,"ix":11},"r":{"a":0,"k":0,"ix":10},"p":{"a":0,"k":[122,59,0],"ix":2},"a":{"a":0,"k":[0,0,0],"ix":1},"s":{"a":0,"k":[135,135,100],"ix":6}},"ao":0,"ip":0,"op":210,"st":0,"bm":0}]}],"layers":[{"ddd":0,"ind":1,"ty":0,"nm":"t","refId":"comp_0","sr":1,"ks":{"o":{"a":0,"k":100,"ix":11},"r":{"a":0,"k":0,"ix":10},"p":{"a":0,"k":[347,107.5,0],"ix":2},"a":{"a":0,"k":[117.5,57.5,0],"ix":1},"s":{"a":0,"k":[100,100,100],"ix":6}},"ao":0,"w":235,"h":115,"ip":0,"op":210,"st":0,"bm":0}],"markers":[]}