{"v":"5.5.1","fr":60,"ip":0,"op":152,"w":660,"h":240,"nm":"Lottie Messages","ddd":0,"assets":[{"id":"comp_0","layers":[{"ddd":0,"ind":2,"ty":4,"nm":"bottom","parent":5,"sr":1,"ks":{"o":{"a":0,"k":100,"ix":11},"r":{"a":0,"k":0,"ix":10},"p":{"s":true,"x":{"a":1,"k":[{"i":{"x":[0.2],"y":[1]},"o":{"x":[0.4],"y":[0]},"t":29,"s":[-135.128],"e":[-34.497]},{"i":{"x":[0.518],"y":[1]},"o":{"x":[0.001],"y":[0]},"t":39,"s":[-34.497],"e":[-40.997]},{"t":49}],"ix":3},"y":{"a":0,"k":-1.814,"ix":4}},"a":{"a":0,"k":[2.651,3.785,0],"ix":1},"s":{"a":0,"k":[100,100,100],"ix":6}},"ao":0,"shapes":[{"ty":"gr","it":[{"ty":"rc","d":1,"s":{"a":1,"k":[{"i":{"x":[0.2,0.2],"y":[1,1]},"o":{"x":[0.4,0.4],"y":[0,0]},"t":29,"s":[34,34],"e":[233,34]},{"i":{"x":[0.518,0.518],"y":[1,2.069]},"o":{"x":[0.001,0.001],"y":[0,0]},"t":39,"s":[233,34],"e":[220,34]},{"t":49}],"ix":2},"p":{"a":0,"k":[0,0],"ix":3},"r":{"a":0,"k":18,"ix":4},"nm":"Rectangle Path 1","mn":"ADBE Vector Shape - Rect","hd":false},{"ty":"fl","c":{"a":0,"k":[0.709803921569,0.815686334348,0.984313785329,1],"ix":4},"o":{"a":0,"k":100,"ix":5},"r":1,"bm":0,"nm":"Fill 1","mn":"ADBE Vector Graphic - Fill","hd":false},{"ty":"tr","p":{"a":0,"k":[19.55,72.47],"ix":2},"a":{"a":0,"k":[0,0],"ix":1},"s":{"a":0,"k":[100,100],"ix":3},"r":{"a":0,"k":0,"ix":6},"o":{"a":0,"k":100,"ix":7},"sk":{"a":0,"k":0,"ix":4},"sa":{"a":0,"k":0,"ix":5},"nm":"Transform"}],"nm":"Rectangle 1","np":3,"cix":2,"bm":0,"ix":1,"mn":"ADBE Vector Group","hd":false}],"ip":29,"op":1441,"st":-126,"bm":0},{"ddd":0,"ind":3,"ty":4,"nm":"middle","parent":5,"sr":1,"ks":{"o":{"a":0,"k":100,"ix":11},"r":{"a":0,"k":0,"ix":10},"p":{"s":true,"x":{"a":1,"k":[{"i":{"x":[0.2],"y":[1]},"o":{"x":[0.4],"y":[0]},"t":23,"s":[-135.128],"e":[0.503]},{"i":{"x":[0.518],"y":[1]},"o":{"x":[0.001],"y":[0]},"t":33,"s":[0.503],"e":[-8.997]},{"t":43}],"ix":3},"y":{"a":0,"k":-69.814,"ix":4}},"a":{"a":0,"k":[2.651,3.785,0],"ix":1},"s":{"a":0,"k":[100,100,100],"ix":6}},"ao":0,"shapes":[{"ty":"gr","it":[{"ty":"rc","d":1,"s":{"a":1,"k":[{"i":{"x":[0.2,0.2],"y":[1,1]},"o":{"x":[0.4,0.4],"y":[0,0]},"t":23,"s":[34,34],"e":[305,34]},{"i":{"x":[0.518,0.518],"y":[1,2.069]},"o":{"x":[0.001,0.001],"y":[0,0]},"t":33,"s":[305,34],"e":[287,34]},{"t":43}],"ix":2},"p":{"a":0,"k":[0,0],"ix":3},"r":{"a":0,"k":18,"ix":4},"nm":"Rectangle Path 1","mn":"ADBE Vector Shape - Rect","hd":false},{"ty":"fl","c":{"a":0,"k":[0.709803921569,0.815686334348,0.984313785329,1],"ix":4},"o":{"a":0,"k":100,"ix":5},"r":1,"bm":0,"nm":"Fill 1","mn":"ADBE Vector Graphic - Fill","hd":false},{"ty":"tr","p":{"a":0,"k":[19.55,72.47],"ix":2},"a":{"a":0,"k":[0,0],"ix":1},"s":{"a":0,"k":[100,100],"ix":3},"r":{"a":0,"k":0,"ix":6},"o":{"a":0,"k":100,"ix":7},"sk":{"a":0,"k":0,"ix":4},"sa":{"a":0,"k":0,"ix":5},"nm":"Transform"}],"nm":"Rectangle 1","np":3,"cix":2,"bm":0,"ix":1,"mn":"ADBE Vector Group","hd":false}],"ip":23,"op":1435,"st":-132,"bm":0},{"ddd":0,"ind":4,"ty":4,"nm":"top","parent":5,"sr":1,"ks":{"o":{"a":0,"k":100,"ix":11},"r":{"a":0,"k":0,"ix":10},"p":{"s":true,"x":{"a":1,"k":[{"i":{"x":[0.2],"y":[1]},"o":{"x":[0.4],"y":[0]},"t":20,"s":[-135.128],"e":[0.503]},{"i":{"x":[0.518],"y":[1]},"o":{"x":[0.001],"y":[0]},"t":30,"s":[0.503],"e":[-8.997]},{"t":40}],"ix":3},"y":{"a":0,"k":-69.814,"ix":4}},"a":{"a":0,"k":[2.651,3.785,0],"ix":1},"s":{"a":0,"k":[100,100,100],"ix":6}},"ao":0,"shapes":[{"ty":"gr","it":[{"ty":"rc","d":1,"s":{"a":1,"k":[{"i":{"x":[0.2,0.2],"y":[1,1]},"o":{"x":[0.4,0.4],"y":[0,0]},"t":20,"s":[34,34],"e":[305,34]},{"i":{"x":[0.518,0.518],"y":[1,2.069]},"o":{"x":[0.001,0.001],"y":[0,0]},"t":30,"s":[305,34],"e":[287,34]},{"t":40}],"ix":2},"p":{"a":0,"k":[0,0],"ix":3},"r":{"a":0,"k":18,"ix":4},"nm":"Rectangle Path 1","mn":"ADBE Vector Shape - Rect","hd":false},{"ty":"fl","c":{"a":0,"k":[0.709803921569,0.815686334348,0.984313785329,1],"ix":4},"o":{"a":0,"k":100,"ix":5},"r":1,"bm":0,"nm":"Fill 1","mn":"ADBE Vector Graphic - Fill","hd":false},{"ty":"tr","p":{"a":0,"k":[19.55,4.224],"ix":2},"a":{"a":0,"k":[0,0],"ix":1},"s":{"a":0,"k":[100,100],"ix":3},"r":{"a":0,"k":0,"ix":6},"o":{"a":0,"k":100,"ix":7},"sk":{"a":0,"k":0,"ix":4},"sa":{"a":0,"k":0,"ix":5},"nm":"Transform"}],"nm":"Rectangle 1","np":3,"cix":2,"bm":0,"ix":1,"mn":"ADBE Vector Group","hd":false}],"ip":20,"op":1432,"st":-135,"bm":0},{"ddd":0,"ind":5,"ty":4,"nm":"message","sr":1,"ks":{"o":{"a":0,"k":100,"ix":11},"r":{"a":1,"k":[{"i":{"x":[0.391],"y":[1]},"o":{"x":[0.438],"y":[0]},"t":0,"s":[-64],"e":[5]},{"i":{"x":[0.571],"y":[1]},"o":{"x":[0.333],"y":[0]},"t":20,"s":[5],"e":[0]},{"t":35}],"ix":10},"p":{"a":0,"k":[261.279,347.273,0],"ix":2},"a":{"a":1,"k":[{"i":{"x":0.2,"y":1},"o":{"x":0.4,"y":0},"t":0,"s":[-468.221,-294.727,0],"e":[-239.221,-152.727,0],"to":[0,0,0],"ti":[0,0,0]},{"t":20}],"ix":1},"s":{"a":1,"k":[{"i":{"x":[0.391,0.391,0.667],"y":[1,1,1]},"o":{"x":[0.438,0.438,0.333],"y":[0,0,0]},"t":0,"s":[0,0,100],"e":[105,105,100]},{"i":{"x":[0.571,0.571,0.667],"y":[1,1,1]},"o":{"x":[0.333,0.333,0.333],"y":[0,0,0]},"t":20,"s":[105,105,100],"e":[100,100,100]},{"t":35}],"ix":6}},"ao":0,"shapes":[{"ty":"gr","it":[{"ind":0,"ty":"sh","ix":1,"ks":{"a":1,"k":[{"i":{"x":0.2,"y":1},"o":{"x":0.4,"y":0},"t":0,"s":[{"i":[[4.693,0],[2.518,-1.475],[1.475,-2.518],[0,-3.129],[-3.075,-3.075],[-4.693,0],[-3.075,3.075],[0,4.693],[3.075,3.075]],"o":[[-3.129,0],[-2.518,1.475],[-1.475,2.518],[0,4.693],[3.075,3.075],[4.693,0],[3.075,-3.075],[0,-4.693],[-3.075,-3.075]],"v":[[0,-16.994],[-8.577,-14.674],[-14.674,-8.577],[-16.994,0],[-12.017,12.017],[0,16.994],[12.017,12.017],[16.994,0],[12.017,-12.017]],"c":true}],"e":[{"i":[[36.591,0],[0,0],[-9.487,-13.044],[0,0],[0,0],[-36.59,0],[0,0],[0,36.802],[0,0]],"o":[[0,0],[-14.399,0],[0,0],[0,0],[0,36.802],[0,0],[36.591,0],[0,0],[0,-36.802]],"v":[[600.839,138.594],[245.018,138.594],[232.313,164.004],[278.982,244.469],[278.982,388.457],[342.506,456.217],[600.839,456.217],[668.599,388.457],[668.599,206.354]],"c":true}]},{"t":20}],"ix":2},"nm":"Path 1","mn":"ADBE Vector Shape - Group","hd":false},{"ty":"fl","c":{"a":0,"k":[1,1,1,1],"ix":4},"o":{"a":0,"k":100,"ix":5},"r":1,"bm":0,"nm":"Fill 1","mn":"ADBE Vector Graphic - Fill","hd":false},{"ty":"tr","p":{"a":0,"k":[-468.221,-294.727],"ix":2},"a":{"a":0,"k":[0,0],"ix":1},"s":{"a":0,"k":[100.994,100.994],"ix":3},"r":{"a":0,"k":0,"ix":6},"o":{"a":0,"k":100,"ix":7},"sk":{"a":0,"k":0,"ix":4},"sa":{"a":0,"k":0,"ix":5},"nm":"Transform"}],"nm":"Ellipse 1","np":3,"cix":2,"bm":0,"ix":1,"mn":"ADBE Vector Group","hd":false}],"ip":0,"op":1200,"st":0,"bm":0},{"ddd":0,"ind":6,"ty":4,"nm":"shadow 2","sr":1,"ks":{"o":{"a":1,"k":[{"i":{"x":[0.833],"y":[0.833]},"o":{"x":[0.167],"y":[0.167]},"t":25,"s":[0],"e":[100]},{"t":30}],"ix":11},"r":{"a":0,"k":0,"ix":10},"p":{"a":0,"k":[288.5,416.75,0],"ix":2},"a":{"a":0,"k":[0,0,0],"ix":1},"s":{"a":0,"k":[100,100,100],"ix":6}},"ao":0,"shapes":[{"ty":"gr","it":[{"ind":0,"ty":"sh","ix":1,"ks":{"a":0,"k":{"i":[[0,0],[0,0],[0,0],[-0.296,3.684],[0,0],[0,0],[-1.948,-3.176],[0,0]],"o":[[0,-14.568],[0,0],[-2.71,-4.066],[0,0],[0,0],[0.127,3.134],[0,0],[0,0]],"v":[[25.495,59.29],[25.495,30.576],[-21.768,-47.474],[-25.198,-59.29],[-25.325,-59.29],[-25.283,-26.384],[-22.064,-16.898],[25.495,59.29]],"c":true},"ix":2},"nm":"Path 1","mn":"ADBE Vector Shape - Group","hd":false},{"ty":"fl","c":{"a":0,"k":[0.094117647059,0.352941176471,0.737254901961,1],"ix":4},"o":{"a":0,"k":100,"ix":5},"r":1,"bm":0,"nm":"Fill 1","mn":"ADBE Vector Graphic - Fill","hd":false},{"ty":"tr","p":{"a":0,"k":[0,0],"ix":2},"a":{"a":0,"k":[0,0],"ix":1},"s":{"a":0,"k":[100,100],"ix":3},"r":{"a":0,"k":0,"ix":6},"o":{"a":0,"k":100,"ix":7},"sk":{"a":0,"k":0,"ix":4},"sa":{"a":0,"k":0,"ix":5},"nm":"Transform"}],"nm":"Shape 1","np":3,"cix":2,"bm":0,"ix":1,"mn":"ADBE Vector Group","hd":false}],"ip":25,"op":1825,"st":25,"bm":0},{"ddd":0,"ind":7,"ty":4,"nm":"shadow 1","sr":1,"ks":{"o":{"a":1,"k":[{"i":{"x":[0.833],"y":[0.833]},"o":{"x":[0.167],"y":[0.167]},"t":25,"s":[0],"e":[100]},{"t":30}],"ix":11},"r":{"a":0,"k":0,"ix":10},"p":{"a":0,"k":[509.5,641.5,0],"ix":2},"a":{"a":0,"k":[0,0,0],"ix":1},"s":{"a":0,"k":[100,100,100],"ix":6}},"ao":0,"shapes":[{"ty":"gr","it":[{"ind":0,"ty":"sh","ix":1,"ks":{"a":0,"k":{"i":[[36.378,0],[0,0],[0.127,35.913],[0,0],[0,0],[-36.378,0],[0,0],[0,35.997],[0,0]],"o":[[0,0],[-36.294,0],[0,0],[0,0],[0,35.997],[0,0],[36.378,0],[0,0],[0,35.997]],"v":[[127.049,19.057],[-127.049,19.057],[-194.808,-44.255],[-194.808,-44.467],[-194.808,-23.292],[-127.049,44.467],[127.049,44.467],[194.808,-23.292],[194.808,-44.467]],"c":true},"ix":2},"nm":"Path 1","mn":"ADBE Vector Shape - Group","hd":false},{"ty":"fl","c":{"a":0,"k":[0.094117647059,0.352941176471,0.737254901961,1],"ix":4},"o":{"a":0,"k":100,"ix":5},"r":1,"bm":0,"nm":"Fill 1","mn":"ADBE Vector Graphic - Fill","hd":false},{"ty":"tr","p":{"a":0,"k":[0,0],"ix":2},"a":{"a":0,"k":[0,0],"ix":1},"s":{"a":0,"k":[100,100],"ix":3},"r":{"a":0,"k":0,"ix":6},"o":{"a":0,"k":100,"ix":7},"sk":{"a":0,"k":0,"ix":4},"sa":{"a":0,"k":0,"ix":5},"nm":"Transform"}],"nm":"Shape 1","np":3,"cix":2,"bm":0,"ix":1,"mn":"ADBE Vector Group","hd":false}],"ip":25,"op":1825,"st":25,"bm":0},{"ddd":0,"ind":8,"ty":4,"nm":"circle","sr":1,"ks":{"o":{"a":0,"k":100,"ix":11},"r":{"a":0,"k":0,"ix":10},"p":{"a":0,"k":[500.049,500,0],"ix":2},"a":{"a":0,"k":[373,373,0],"ix":1},"s":{"a":1,"k":[{"i":{"x":[0.369,0.369,0.667],"y":[1,1,1]},"o":{"x":[0.598,0.598,0.333],"y":[0,0,0]},"t":0,"s":[0,0,100],"e":[110,110,100]},{"i":{"x":[0.38,0.38,0.667],"y":[1,1,1]},"o":{"x":[0.333,0.333,0.333],"y":[0,0,0]},"t":10,"s":[110,110,100],"e":[100,100,100]},{"t":20}],"ix":6}},"ao":0,"shapes":[{"ty":"gr","it":[{"ind":0,"ty":"sh","ix":1,"ks":{"a":0,"k":{"i":[[-205.824,0],[0,-205.823],[205.824,0],[0,205.824]],"o":[[205.824,0],[0,205.824],[-205.824,0],[0,-205.823]],"v":[[0,-372.677],[372.677,0],[0,372.677],[-372.677,0]],"c":true},"ix":2},"nm":"Path 1","mn":"ADBE Vector Shape - Group","hd":false},{"ty":"fl","c":{"a":0,"k":[0.102000000898,0.451000019148,0.910000011968,1],"ix":4},"o":{"a":0,"k":100,"ix":5},"r":1,"bm":0,"nm":"Fill 1","mn":"ADBE Vector Graphic - Fill","hd":false},{"ty":"tr","p":{"a":0,"k":[372.927,372.927],"ix":2},"a":{"a":0,"k":[0,0],"ix":1},"s":{"a":0,"k":[100,100],"ix":3},"r":{"a":0,"k":0,"ix":6},"o":{"a":0,"k":100,"ix":7},"sk":{"a":0,"k":0,"ix":4},"sa":{"a":0,"k":0,"ix":5},"nm":"Transform"}],"nm":"Group 1","np":2,"cix":2,"bm":0,"ix":1,"mn":"ADBE Vector Group","hd":false}],"ip":0,"op":1200,"st":0,"bm":0}]}],"fonts":{"list":[{"fName":"ProductSans-Regular","fFamily":"Product Sans","fStyle":"Regular","ascent":71.5988159179688}]},"layers":[{"ddd":0,"ind":1,"ty":0,"nm":"Logo Animation","refId":"comp_0","sr":1,"ks":{"o":{"a":0,"k":100,"ix":11},"r":{"a":0,"k":0,"ix":10},"p":{"s":true,"x":{"a":1,"k":[{"i":{"x":[0.2],"y":[1]},"o":{"x":[0.4],"y":[0]},"t":15,"s":[326],"e":[120.25]},{"t":35}],"ix":3},"y":{"a":0,"k":120,"ix":4}},"a":{"a":0,"k":[500,500,0],"ix":1},"s":{"a":1,"k":[{"i":{"x":[0.2,0.2,0.2],"y":[1,1,1]},"o":{"x":[0.4,0.4,0.4],"y":[0,0,0]},"t":15,"s":[30,30,100],"e":[17,17,100]},{"t":35}],"ix":6}},"ao":0,"w":1000,"h":1000,"ip":0,"op":175,"st":0,"bm":0},{"ddd":0,"ind":2,"ty":5,"nm":"Messages","sr":1,"ks":{"o":{"a":1,"k":[{"i":{"x":[0.2],"y":[1]},"o":{"x":[0.4],"y":[0]},"t":15,"s":[0],"e":[100]},{"t":35}],"ix":11},"r":{"a":0,"k":0,"ix":10},"p":{"s":true,"x":{"a":1,"k":[{"i":{"x":[0.2],"y":[1]},"o":{"x":[0.4],"y":[0]},"t":15,"s":[138],"e":[227]},{"t":35}],"ix":3},"y":{"a":0,"k":150.25,"ix":4}},"a":{"a":0,"k":[0,0,0],"ix":1},"s":{"a":0,"k":[100,100,100],"ix":6}},"ao":0,"hasMask":true,"masksProperties":[{"inv":false,"mode":"a","pt":{"a":1,"k":[{"i":{"x":0.2,"y":1},"o":{"x":0.4,"y":0},"t":21,"s":[{"i":[[0,0],[0,0],[0,0],[0,0]],"o":[[0,0],[0,0],[0,0],[0,0]],"v":[[-102.375,-77.711],[-122.5,-76.5],[-122.5,76.289],[-102.375,75.078]],"c":true}],"e":[{"i":[[0,0],[0,0],[0,0],[0,0]],"o":[[0,0],[0,0],[0,0],[0,0]],"v":[[379.625,-78.016],[-36.5,-76.383],[-36.5,76.406],[379.625,74.773]],"c":true}]},{"t":35}],"ix":1},"o":{"a":0,"k":100,"ix":3},"x":{"a":0,"k":0,"ix":4},"nm":"Mask 1"}],"t":{"d":{"k":[{"s":{"s":85,"f":"ProductSans-Regular","t":"Messages","j":0,"tr":0,"lh":102,"ls":0,"fc":[0.373,0.388,0.408]},"t":0}]},"p":{},"m":{"g":1,"a":{"a":0,"k":[0,0],"ix":2}},"a":[]},"ip":0,"op":1800,"st":0,"bm":0}],"markers":[],"chars":[{"ch":"M","size":85,"style":"Regular","w":83,"data":{"shapes":[{"ty":"gr","it":[{"ind":0,"ty":"sh","ix":1,"ks":{"a":0,"k":{"i":[[0,0],[0,0],[0,0],[0,0],[0,0],[0,0],[0,0],[0,0],[0,0],[0,0],[0,0],[0,0],[0,0],[0,0],[0,0],[0,0],[0,0],[0,0]],"o":[[0,0],[0,0],[0,0],[0,0],[0,0],[0,0],[0,0],[0,0],[0,0],[0,0],[0,0],[0,0],[0,0],[0,0],[0,0],[0,0],[0,0],[0,0]],"v":[[16.4,-42.5],[16,-54.5],[16.4,-54.5],[38.8,-15.2],[44.2,-15.2],[66.6,-54.5],[67,-54.5],[66.6,-42.5],[66.6,0],[75.8,0],[75.8,-71.6],[66.6,-71.6],[41.7,-28],[41.3,-28],[16.4,-71.6],[7.2,-71.6],[7.2,0],[16.4,0]],"c":true},"ix":2},"nm":"M","mn":"ADBE Vector Shape - Group","hd":false}],"nm":"M","np":3,"cix":2,"bm":0,"ix":1,"mn":"ADBE Vector Group","hd":false}]},"fFamily":"Product Sans"},{"ch":"e","size":85,"style":"Regular","w":54.1,"data":{"shapes":[{"ty":"gr","it":[{"ind":0,"ty":"sh","ix":1,"ks":{"a":0,"k":{"i":[[-3.9,2.333],[-2.2,4.134],[0,0],[5.866,0],[3.066,2.934],[0.133,4.8],[0,0],[0,0],[4.3,4.7],[7.266,0],[4.533,-4.966],[0,-7.466],[-4.667,-4.933],[-7.2,0]],"o":[[3.9,-2.333],[0,0],[-3.334,5.867],[-4.267,0],[-3.067,-2.933],[0,0],[0,0],[0,-8.466],[-4.3,-4.7],[-7.067,0],[-4.534,4.967],[0,7.534],[4.666,4.934],[4.933,0]],"v":[[40.85,-1.9],[50,-11.6],[41.8,-15.6],[28,-6.8],[17,-11.2],[12.2,-22.8],[50.7,-22.8],[50.8,-23.8],[44.35,-43.55],[27,-50.6],[9.6,-43.15],[2.8,-24.5],[9.8,-5.8],[27.6,1.6]],"c":true},"ix":2},"nm":"e","mn":"ADBE Vector Shape - Group","hd":false},{"ind":1,"ty":"sh","ix":2,"ks":{"a":0,"k":{"i":[[-2.5,2.134],[-3.467,0],[-2.5,-2.233],[-0.267,-3.4],[0,0]],"o":[[2.5,-2.133],[4.2,0],[2.5,2.234],[0,0],[0.8,-3.6]],"v":[[17.85,-39],[26.8,-42.2],[36.85,-38.85],[41,-30.4],[12.9,-30.4]],"c":true},"ix":2},"nm":"e","mn":"ADBE Vector Shape - Group","hd":false}],"nm":"e","np":5,"cix":2,"bm":0,"ix":1,"mn":"ADBE Vector Group","hd":false}]},"fFamily":"Product Sans"},{"ch":"s","size":85,"style":"Regular","w":45.5,"data":{"shapes":[{"ty":"gr","it":[{"ind":0,"ty":"sh","ix":1,"ks":{"a":0,"k":{"i":[[9.733,2.4],[0,0],[0,2.8],[-1.9,1.2],[-2.4,0],[-2.1,-1.166],[-0.934,-2.066],[0,0],[3.5,2.067],[4.333,0],[3.633,-2.7],[0,-4.466],[-9.534,-2.4],[0,0],[0,-3.133],[1.966,-1.266],[2.933,0],[2.3,1.634],[1.2,2.934],[0,0],[-3.734,-2.566],[-4.934,0],[-3.734,2.933],[0,4.267]],"o":[[0,0],[-5.267,-1.2],[0,-1.733],[1.9,-1.2],[2.6,0],[2.1,1.167],[0,0],[-1.4,-3.466],[-3.5,-2.066],[-5.667,0],[-3.634,2.7],[0,6.8],[0,0],[4.8,1.467],[0,1.734],[-1.967,1.267],[-2.734,0],[-2.3,-1.633],[0,0],[1.6,4.2],[3.733,2.566],[5.666,0],[3.733,-2.933],[0,-7.4]],"v":[[28.5,-28.3],[21.1,-30.2],[13.2,-36.2],[16.05,-40.6],[22.5,-42.4],[29.55,-40.65],[34.1,-35.8],[42.3,-39.2],[34.95,-47.5],[23.2,-50.6],[9.25,-46.55],[3.8,-35.8],[18.1,-22],[26.5,-19.9],[33.7,-13],[30.75,-8.5],[23.4,-6.6],[15.85,-9.05],[10.6,-15.9],[2.4,-12.4],[10.4,-2.25],[23.4,1.6],[37.5,-2.8],[43.1,-13.6]],"c":true},"ix":2},"nm":"s","mn":"ADBE Vector Shape - Group","hd":false}],"nm":"s","np":3,"cix":2,"bm":0,"ix":1,"mn":"ADBE Vector Group","hd":false}]},"fFamily":"Product Sans"},{"ch":"a","size":85,"style":"Regular","w":50.5,"data":{"shapes":[{"ty":"gr","it":[{"ind":0,"ty":"sh","ix":1,"ks":{"a":0,"k":{"i":[[-2.5,1.8],[-3.734,0],[-2.867,-2.266],[3.033,-2.866],[3.866,0],[2.033,1.6],[0,2.4]],"o":[[2.5,-1.8],[5.133,0],[0,3.867],[-3.034,2.867],[-2.734,0],[-2.034,-1.6],[0,-2.666]],"v":[[16.05,-21.7],[25.4,-24.4],[37.4,-21],[32.85,-10.9],[22.5,-6.6],[15.35,-9],[12.3,-15]],"c":true},"ix":2},"nm":"a","mn":"ADBE Vector Shape - Group","hd":false},{"ind":1,"ty":"sh","ix":2,"ks":{"a":0,"k":{"i":[[4.466,-6.4],[0,0],[-5.134,0],[-2.534,-2.233],[0,-3.2],[0,0],[5.466,0],[3.833,-3],[0,-5.066],[-3.634,-3.2],[-5.4,0],[-3.8,5.6],[0,0],[0,0],[0,0],[0,0],[3.933,3.634],[6.8,0]],"o":[[0,0],[3,-4.333],[3.4,0],[2.533,2.234],[0,0],[-3.534,-2],[-6.4,0],[-3.834,3],[0,4.8],[3.633,3.2],[6.333,0],[0,0],[0,0],[0,0],[0,0],[0,-6.333],[-3.934,-3.633],[-8.734,0]],"v":[[4.4,-41],[12.5,-35.9],[24.7,-42.4],[33.6,-39.05],[37.4,-30.9],[37.4,-28.8],[23.9,-31.8],[8.55,-27.3],[2.8,-15.2],[8.25,-3.2],[21.8,1.6],[37,-6.8],[37.4,-6.8],[37.4,0],[46.2,0],[46.2,-30.2],[40.3,-45.15],[24.2,-50.6]],"c":true},"ix":2},"nm":"a","mn":"ADBE Vector Shape - Group","hd":false}],"nm":"a","np":5,"cix":2,"bm":0,"ix":1,"mn":"ADBE Vector Group","hd":false}]},"fFamily":"Product Sans"},{"ch":"g","size":85,"style":"Regular","w":57.1,"data":{"shapes":[{"ty":"gr","it":[{"ind":0,"ty":"sh","ix":1,"ks":{"a":0,"k":{"i":[[3,3.334],[0,5.2],[-3,3.334],[-4.4,0],[-2.934,-3.333],[0,-5.133],[3,-3.266],[4.533,0]],"o":[[-3,-3.266],[0,-5.133],[3,-3.333],[4.466,0],[3,3.334],[0,5.267],[-2.867,3.267],[-4.4,0]],"v":[[16.5,-11.8],[12,-24.5],[16.5,-37.2],[27.6,-42.2],[38.7,-37.2],[43.2,-24.5],[38.7,-11.7],[27.6,-6.8]],"c":true},"ix":2},"nm":"g","mn":"ADBE Vector Shape - Group","hd":false},{"ind":1,"ty":"sh","ix":2,"ks":{"a":0,"k":{"i":[[-4.534,4.533],[0,7.866],[0,0],[0,0],[0,0],[0,0],[2.966,1.5],[3.466,0],[4.6,-5.066],[0,-7.266],[-4.534,-5.133],[-6.4,0],[-2.967,1.5],[-1.734,2.6],[0,0],[0,0],[2.8,-3],[5,0],[2.466,1.733],[1,2.866],[0,0],[-1.4,-1.734],[-1.967,-1.267],[-2.4,-0.7],[-2.734,0]],"o":[[4.466,-4.467],[0,0],[0,0],[0,0],[0,0],[-1.734,-2.6],[-2.967,-1.5],[-6.4,0],[-4.534,5.067],[0,7.267],[4.6,5],[3.466,0],[2.966,-1.5],[0,0],[0,0],[0,5.266],[-2.8,3],[-3.267,0],[-2.467,-1.734],[0,0],[0.733,2.133],[1.4,1.733],[1.966,1.266],[2.4,0.7],[7.466,0]],"v":[[45.3,16.4],[52,-2.1],[52,-49],[43.2,-49],[43.2,-42.2],[42.8,-42.2],[35.75,-48.35],[26.1,-50.6],[9.6,-43],[2.8,-24.5],[9.6,-5.9],[26.1,1.6],[35.75,-0.65],[42.8,-6.8],[43.2,-6.8],[43.2,-2.1],[39,10.3],[27.3,14.8],[18.7,12.2],[13.5,5.3],[4.8,8.9],[8,14.7],[13.05,19.2],[19.6,22.15],[27.3,23.2]],"c":true},"ix":2},"nm":"g","mn":"ADBE Vector Shape - Group","hd":false}],"nm":"g","np":5,"cix":2,"bm":0,"ix":1,"mn":"ADBE Vector Group","hd":false}]},"fFamily":"Product Sans"}]}