{"v":"5.5.1","fr":24,"ip":14,"op":73,"w":990,"h":800,"nm":"RCS-Consent-04 (24fps) ","ddd":0,"assets":[],"layers":[{"ddd":0,"ind":1,"ty":4,"nm":"green dot 2","sr":1,"ks":{"o":{"a":0,"k":100,"ix":11},"r":{"a":0,"k":0,"ix":10},"p":{"s":true,"x":{"a":1,"k":[{"i":{"x":[0.667],"y":[1]},"o":{"x":[0.514],"y":[0]},"t":3,"s":[907],"e":[902]},{"i":{"x":[0.449],"y":[1]},"o":{"x":[0.333],"y":[0]},"t":15,"s":[902],"e":[909]},{"i":{"x":[0.449],"y":[1]},"o":{"x":[0.167],"y":[0]},"t":27,"s":[909],"e":[907]},{"t":40}],"ix":3},"y":{"a":1,"k":[{"i":{"x":[0.667],"y":[1]},"o":{"x":[0.514],"y":[0]},"t":3,"s":[600],"e":[564]},{"i":{"x":[0.449],"y":[1]},"o":{"x":[0.333],"y":[0]},"t":15,"s":[564],"e":[607]},{"i":{"x":[0.449],"y":[1]},"o":{"x":[0.167],"y":[0]},"t":27,"s":[607],"e":[600]},{"t":40}],"ix":4}},"a":{"a":0,"k":[0,0,0],"ix":1},"s":{"a":0,"k":[100,100,100],"ix":6}},"ao":0,"shapes":[{"ty":"gr","it":[{"ind":0,"ty":"sh","ix":1,"ks":{"a":0,"k":{"i":[[25.627,0],[0,-25.627],[-25.627,0],[0,25.627]],"o":[[-25.627,0],[0,25.627],[25.627,0],[0,-25.627]],"v":[[0,-46.476],[-46.476,0],[0,46.476],[46.476,0]],"c":true},"ix":2},"nm":"Path 1","mn":"ADBE Vector Shape - Group","hd":false},{"ty":"fl","c":{"a":0,"k":[0.117647066303,0.556862745098,0.243137269862,1],"ix":4},"o":{"a":0,"k":100,"ix":5},"r":1,"bm":0,"nm":"Fill 1","mn":"ADBE Vector Graphic - Fill","hd":false},{"ty":"tr","p":{"a":0,"k":[0,0],"ix":2},"a":{"a":0,"k":[0,0],"ix":1},"s":{"a":0,"k":[100,100],"ix":3},"r":{"a":0,"k":0,"ix":6},"o":{"a":0,"k":100,"ix":7},"sk":{"a":0,"k":0,"ix":4},"sa":{"a":0,"k":0,"ix":5},"nm":"Transform"}],"nm":"Shape 1","np":3,"cix":2,"bm":0,"ix":1,"mn":"ADBE Vector Group","hd":false}],"ip":0,"op":480,"st":0,"bm":0},{"ddd":0,"ind":2,"ty":4,"nm":"02 chair 2","sr":1,"ks":{"o":{"a":0,"k":100,"ix":11},"r":{"a":0,"k":0,"ix":10},"p":{"a":0,"k":[817.92,609.082,0],"ix":2},"a":{"a":0,"k":[-0.33,0.832,0],"ix":1},"s":{"a":0,"k":[100,100,100],"ix":6}},"ao":0,"shapes":[{"ty":"gr","it":[{"ind":0,"ty":"sh","ix":1,"ks":{"a":0,"k":{"i":[[0,0],[0,0]],"o":[[0,0],[0,0]],"v":[[-90.25,-120.75],[136.25,-120.75]],"c":false},"ix":2},"nm":"Path 1","mn":"ADBE Vector Shape - Group","hd":false},{"ty":"st","c":{"a":0,"k":[0.125490196078,0.129411764706,0.141176470588,1],"ix":3},"o":{"a":0,"k":100,"ix":4},"w":{"a":0,"k":4,"ix":5},"lc":1,"lj":1,"ml":4,"bm":0,"nm":"Stroke 1","mn":"ADBE Vector Graphic - Stroke","hd":false},{"ty":"tr","p":{"a":0,"k":[0,0],"ix":2},"a":{"a":0,"k":[0,0],"ix":1},"s":{"a":0,"k":[100,100],"ix":3},"r":{"a":0,"k":0,"ix":6},"o":{"a":0,"k":100,"ix":7},"sk":{"a":0,"k":0,"ix":4},"sa":{"a":0,"k":0,"ix":5},"nm":"Transform"}],"nm":"Shape 2","np":3,"cix":2,"bm":0,"ix":1,"mn":"ADBE Vector Group","hd":false},{"ty":"gr","it":[{"ind":0,"ty":"sh","ix":1,"ks":{"a":0,"k":{"i":[[0,0],[0,0]],"o":[[0,0],[0,0]],"v":[[72.25,-120.25],[100.25,120.25]],"c":false},"ix":2},"nm":"Path 1","mn":"ADBE Vector Shape - Group","hd":false},{"ty":"st","c":{"a":0,"k":[0.125490196078,0.129411764706,0.141176470588,1],"ix":3},"o":{"a":0,"k":100,"ix":4},"w":{"a":0,"k":4,"ix":5},"lc":1,"lj":1,"ml":4,"bm":0,"nm":"Stroke 1","mn":"ADBE Vector Graphic - Stroke","hd":false},{"ty":"tr","p":{"a":0,"k":[0,0],"ix":2},"a":{"a":0,"k":[0,0],"ix":1},"s":{"a":0,"k":[100,100],"ix":3},"r":{"a":0,"k":0,"ix":6},"o":{"a":0,"k":100,"ix":7},"sk":{"a":0,"k":0,"ix":4},"sa":{"a":0,"k":0,"ix":5},"nm":"Transform"}],"nm":"Shape 1","np":3,"cix":2,"bm":0,"ix":2,"mn":"ADBE Vector Group","hd":false}],"ip":0,"op":480,"st":0,"bm":0},{"ddd":0,"ind":3,"ty":4,"nm":"wifi","sr":1,"ks":{"o":{"a":0,"k":100,"ix":11},"r":{"a":0,"k":0,"ix":10},"p":{"s":true,"x":{"a":0,"k":610.17,"ix":3},"y":{"a":1,"k":[{"i":{"x":[0.667],"y":[1]},"o":{"x":[0.514],"y":[0]},"t":5,"s":[537.332],"e":[495.332]},{"i":{"x":[0.449],"y":[1]},"o":{"x":[0.333],"y":[0]},"t":17,"s":[495.332],"e":[556.332]},{"i":{"x":[0.485],"y":[1]},"o":{"x":[0.476],"y":[0]},"t":29,"s":[556.332],"e":[537.332]},{"t":38}],"ix":4}},"a":{"a":0,"k":[-0.33,0.832,0],"ix":1},"s":{"a":0,"k":[100,100,100],"ix":6}},"ao":0,"shapes":[{"ty":"gr","it":[{"ind":0,"ty":"sh","ix":1,"ks":{"a":0,"k":{"i":[[8.3,0],[0,-8.3],[-8.3,0],[-2.695,4.033],[0,0],[0,0],[0,3.086]],"o":[[-8.3,0],[0,8.3],[5.215,0],[0,0],[0,0],[1.595,-2.386],[0,-8.3]],"v":[[392.442,258.932],[377.414,273.961],[392.442,288.99],[404.943,282.299],[404.014,283.363],[404.943,282.299],[407.471,273.961]],"c":true},"ix":2},"nm":"Path 1","mn":"ADBE Vector Shape - Group","hd":false},{"ty":"st","c":{"a":0,"k":[0.125490196078,0.129411764706,0.141176470588,1],"ix":3},"o":{"a":0,"k":100,"ix":4},"w":{"a":0,"k":4,"ix":5},"lc":2,"lj":2,"bm":0,"nm":"Stroke 1","mn":"ADBE Vector Graphic - Stroke","hd":false},{"ty":"fl","c":{"a":0,"k":[0.101960784314,0.450980392157,0.909803921569,1],"ix":4},"o":{"a":0,"k":100,"ix":5},"r":1,"bm":0,"nm":"Fill 1","mn":"ADBE Vector Graphic - Fill","hd":false},{"ty":"tr","p":{"a":0,"k":[-389.36,-252.048],"ix":2},"a":{"a":0,"k":[391.41,274.676],"ix":1},"s":{"a":0,"k":[100,100],"ix":3},"r":{"a":0,"k":0,"ix":6},"o":{"a":0,"k":100,"ix":7},"sk":{"a":0,"k":0,"ix":4},"sa":{"a":0,"k":0,"ix":5},"nm":"Transform"}],"nm":"circle","np":3,"cix":2,"bm":0,"ix":1,"mn":"ADBE Vector Group","hd":false},{"ty":"gr","it":[{"ind":0,"ty":"sh","ix":1,"ks":{"a":0,"k":{"i":[[0,0],[-4.902,-12.167],[0,0],[0,0],[18.334,0],[9.04,-14.534],[0,0],[-13.922,0]],"o":[[13.922,0],[0,0],[0,0],[-9.051,-14.48],[-18.375,0],[0,0],[4.902,-12.167],[0,0]],"v":[[3.466,-12.736],[34.198,8.023],[34.491,7.908],[47.265,-6.717],[3.804,-30.836],[-39.719,-6.621],[-26.929,8.023],[3.804,-12.736]],"c":false},"ix":2},"nm":"Path 1","mn":"ADBE Vector Shape - Group","hd":false},{"ty":"st","c":{"a":0,"k":[0.125490196078,0.129411764706,0.141176470588,1],"ix":3},"o":{"a":0,"k":100,"ix":4},"w":{"a":0,"k":4,"ix":5},"lc":2,"lj":2,"bm":0,"nm":"Stroke 1","mn":"ADBE Vector Graphic - Stroke","hd":false},{"ty":"fl","c":{"a":0,"k":[0.101960784314,0.450980392157,0.909803921569,1],"ix":4},"o":{"a":0,"k":100,"ix":5},"r":1,"bm":0,"nm":"Fill 1","mn":"ADBE Vector Graphic - Fill","hd":false},{"ty":"tr","p":{"a":0,"k":[-392.069,-273.832],"ix":2},"a":{"a":0,"k":[0,0],"ix":1},"s":{"a":0,"k":[100,100],"ix":3},"r":{"a":0,"k":0,"ix":6},"o":{"a":0,"k":100,"ix":7},"sk":{"a":0,"k":0,"ix":4},"sa":{"a":0,"k":0,"ix":5},"nm":"Transform"}],"nm":"path","np":3,"cix":2,"bm":0,"ix":2,"mn":"ADBE Vector Group","hd":false},{"ty":"gr","it":[{"ind":0,"ty":"sh","ix":1,"ks":{"a":0,"k":{"i":[[-22.902,0],[-12.629,-17.067],[0,0],[27.406,0],[16.028,-19.784],[0,0]],"o":[[22.861,0],[0,0],[-16.029,-19.734],[-27.446,0],[0,0],[12.624,-17.118]],"v":[[-384.693,-333.471],[-328.933,-305.334],[-316.808,-319.217],[-384.693,-351.57],[-452.647,-319.129],[-440.518,-305.242]],"c":true},"ix":2},"nm":"Path 1","mn":"ADBE Vector Shape - Group","hd":false},{"ty":"st","c":{"a":0,"k":[0.125490196078,0.129411764706,0.141176470588,1],"ix":3},"o":{"a":0,"k":100,"ix":4},"w":{"a":0,"k":4,"ix":5},"lc":2,"lj":2,"bm":0,"nm":"Stroke 1","mn":"ADBE Vector Graphic - Stroke","hd":false},{"ty":"fl","c":{"a":0,"k":[0.101960784314,0.450980392157,0.909803921569,1],"ix":4},"o":{"a":0,"k":100,"ix":5},"r":1,"bm":0,"nm":"Fill 1","mn":"ADBE Vector Graphic - Fill","hd":false},{"ty":"tr","p":{"a":0,"k":[-3.772,11.406],"ix":2},"a":{"a":0,"k":[0,0],"ix":1},"s":{"a":0,"k":[100,100],"ix":3},"r":{"a":0,"k":0,"ix":6},"o":{"a":0,"k":100,"ix":7},"sk":{"a":0,"k":0,"ix":4},"sa":{"a":0,"k":0,"ix":5},"nm":"Transform"}],"nm":"path","np":3,"cix":2,"bm":0,"ix":3,"mn":"ADBE Vector Group","hd":false}],"ip":0,"op":480,"st":0,"bm":0},{"ddd":0,"ind":4,"ty":4,"nm":"message bubble 2","sr":1,"ks":{"o":{"a":0,"k":100,"ix":11},"r":{"a":0,"k":0,"ix":10},"p":{"s":true,"x":{"a":1,"k":[{"i":{"x":[0.667],"y":[1]},"o":{"x":[0.514],"y":[0]},"t":8,"s":[610.17],"e":[610.17]},{"i":{"x":[0.449],"y":[1]},"o":{"x":[0.333],"y":[0]},"t":20,"s":[610.17],"e":[610.17]},{"i":{"x":[0.449],"y":[1]},"o":{"x":[0.167],"y":[0]},"t":29,"s":[610.17],"e":[610.17]},{"t":37}],"ix":3},"y":{"a":1,"k":[{"i":{"x":[0.667],"y":[1]},"o":{"x":[0.514],"y":[0]},"t":8,"s":[537.332],"e":[507.332]},{"i":{"x":[0.449],"y":[1]},"o":{"x":[0.333],"y":[0]},"t":20,"s":[507.332],"e":[553.332]},{"i":{"x":[0.449],"y":[1]},"o":{"x":[0.464],"y":[0]},"t":29,"s":[553.332],"e":[537.332]},{"t":37}],"ix":4}},"a":{"a":0,"k":[-0.33,0.832,0],"ix":1},"s":{"a":0,"k":[100,100,100],"ix":6}},"ao":0,"shapes":[{"ty":"gr","it":[{"ind":0,"ty":"sh","ix":1,"ks":{"a":0,"k":{"i":[[0,0],[0,0]],"o":[[0,0],[0,0]],"v":[[-65.5,0],[62.5,0]],"c":false},"ix":2},"nm":"Path 1","mn":"ADBE Vector Shape - Group","hd":false},{"ty":"st","c":{"a":0,"k":[0.125490196078,0.129411764706,0.141176470588,1],"ix":3},"o":{"a":0,"k":100,"ix":4},"w":{"a":0,"k":4,"ix":5},"lc":2,"lj":2,"bm":0,"nm":"Stroke 1","mn":"ADBE Vector Graphic - Stroke","hd":false},{"ty":"tr","p":{"a":0,"k":[0,0],"ix":2},"a":{"a":0,"k":[0,0],"ix":1},"s":{"a":0,"k":[100,100],"ix":3},"r":{"a":0,"k":0,"ix":6},"o":{"a":0,"k":100,"ix":7},"sk":{"a":0,"k":0,"ix":4},"sa":{"a":0,"k":0,"ix":5},"nm":"Transform"}],"nm":"Shape 3","np":3,"cix":2,"bm":0,"ix":1,"mn":"ADBE Vector Group","hd":false},{"ty":"gr","it":[{"ind":0,"ty":"sh","ix":1,"ks":{"a":0,"k":{"i":[[15.022,0],[0,0],[0,15.022],[0,0],[-15.022,0],[0,0],[0,-15.022],[0,0]],"o":[[0,0],[-15.022,0],[0,0],[0,-15.022],[0,0],[15.022,0],[0,0],[0,15.022]],"v":[[66.744,15.794],[-59.199,15.794],[-86.399,-11.406],[-86.399,-11.406],[-59.199,-38.606],[66.744,-38.606],[93.943,-11.406],[93.943,-11.406]],"c":true},"ix":2},"nm":"Path 1","mn":"ADBE Vector Shape - Group","hd":false},{"ty":"st","c":{"a":0,"k":[0.125490196078,0.129411764706,0.141176470588,1],"ix":3},"o":{"a":0,"k":100,"ix":4},"w":{"a":0,"k":4,"ix":5},"lc":2,"lj":2,"bm":0,"nm":"Stroke 1","mn":"ADBE Vector Graphic - Stroke","hd":false},{"ty":"tr","p":{"a":0,"k":[-3.772,11.406],"ix":2},"a":{"a":0,"k":[0,0],"ix":1},"s":{"a":0,"k":[100,100],"ix":3},"r":{"a":0,"k":0,"ix":6},"o":{"a":0,"k":100,"ix":7},"sk":{"a":0,"k":0,"ix":4},"sa":{"a":0,"k":0,"ix":5},"nm":"Transform"}],"nm":"Shape 2","np":3,"cix":2,"bm":0,"ix":2,"mn":"ADBE Vector Group","hd":false},{"ty":"gr","it":[{"ind":0,"ty":"sh","ix":1,"ks":{"a":0,"k":{"i":[[15.022,0],[0,0],[0,15.022],[0,0],[-15.022,0],[0,0],[0,-15.022],[0,0]],"o":[[0,0],[-15.022,0],[0,0],[0,-15.022],[0,0],[15.022,0],[0,0],[0,15.022]],"v":[[66.744,15.794],[-59.199,15.794],[-86.399,-11.406],[-86.399,-11.406],[-59.199,-38.606],[66.744,-38.606],[93.943,-11.406],[93.943,-11.406]],"c":true},"ix":2},"nm":"Path 1","mn":"ADBE Vector Shape - Group","hd":false},{"ty":"st","c":{"a":0,"k":[0.125490196078,0.129411764706,0.141176470588,1],"ix":3},"o":{"a":0,"k":100,"ix":4},"w":{"a":0,"k":4,"ix":5},"lc":2,"lj":2,"bm":0,"nm":"Stroke 1","mn":"ADBE Vector Graphic - Stroke","hd":false},{"ty":"fl","c":{"a":0,"k":[0.101960784314,0.450980392157,0.909803921569,1],"ix":4},"o":{"a":0,"k":100,"ix":5},"r":1,"bm":0,"nm":"Fill 1","mn":"ADBE Vector Graphic - Fill","hd":false},{"ty":"tr","p":{"a":0,"k":[-3.772,11.406],"ix":2},"a":{"a":0,"k":[0,0],"ix":1},"s":{"a":0,"k":[100,100],"ix":3},"r":{"a":0,"k":0,"ix":6},"o":{"a":0,"k":100,"ix":7},"sk":{"a":0,"k":0,"ix":4},"sa":{"a":0,"k":0,"ix":5},"nm":"Transform"}],"nm":"Shape 1","np":3,"cix":2,"bm":0,"ix":3,"mn":"ADBE Vector Group","hd":false}],"ip":0,"op":480,"st":0,"bm":0},{"ddd":0,"ind":5,"ty":4,"nm":"drop","sr":1,"ks":{"o":{"a":0,"k":100,"ix":11},"r":{"a":0,"k":0,"ix":10},"p":{"a":0,"k":[554.625,447.375,0],"ix":2},"a":{"a":0,"k":[-71,-108,0],"ix":1},"s":{"a":0,"k":[100,100,100],"ix":6}},"ao":0,"shapes":[{"ty":"gr","it":[{"ind":0,"ty":"sh","ix":1,"ks":{"a":0,"k":{"i":[[0,-1.427],[1.427,0],[0,1.427],[-1.427,0]],"o":[[0,1.427],[-1.427,0],[0,-1.427],[1.427,0]],"v":[[-68.167,-109.5],[-70.75,-106.917],[-73.333,-109.5],[-70.75,-112.083]],"c":true},"ix":2},"nm":"Path 1","mn":"ADBE Vector Shape - Group","hd":false},{"ty":"fl","c":{"a":0,"k":[0.125490196078,0.129411764706,0.141176470588,1],"ix":4},"o":{"a":0,"k":100,"ix":5},"r":1,"bm":0,"nm":"Fill 1","mn":"ADBE Vector Graphic - Fill","hd":false},{"ty":"tr","p":{"a":0,"k":[0,0],"ix":2},"a":{"a":0,"k":[0,0],"ix":1},"s":{"a":0,"k":[100,100],"ix":3},"r":{"a":0,"k":0,"ix":6},"o":{"a":0,"k":100,"ix":7},"sk":{"a":0,"k":0,"ix":4},"sa":{"a":0,"k":0,"ix":5},"nm":"Transform"}],"nm":"Shape 1","np":3,"cix":2,"bm":0,"ix":1,"mn":"ADBE Vector Group","hd":false}],"ip":51,"op":531,"st":51,"bm":0},{"ddd":0,"ind":6,"ty":4,"nm":"rain","sr":1,"ks":{"o":{"a":0,"k":100,"ix":11},"r":{"a":0,"k":0,"ix":10},"p":{"a":0,"k":[470.25,249.206,0],"ix":2},"a":{"a":0,"k":[349,-128.044,0],"ix":1},"s":{"a":0,"k":[100,100,100],"ix":6}},"ao":0,"shapes":[{"ty":"gr","it":[{"ind":0,"ty":"sh","ix":1,"ks":{"a":0,"k":{"i":[[0,0],[137.055,-378.611],[-57.139,-204.44]],"o":[[0,0],[0,0],[0,0]],"v":[[470.698,-286.449],[234.847,-70.484],[435.085,42.283]],"c":false},"ix":2},"nm":"Path 1","mn":"ADBE Vector Shape - Group","hd":false},{"ty":"st","c":{"a":0,"k":[0.125490196078,0.129411764706,0.141176470588,1],"ix":3},"o":{"a":0,"k":100,"ix":4},"w":{"a":0,"k":4,"ix":5},"lc":2,"lj":2,"bm":0,"nm":"Stroke 1","mn":"ADBE Vector Graphic - Stroke","hd":false},{"ty":"tr","p":{"a":0,"k":[-3.772,11.406],"ix":2},"a":{"a":0,"k":[0,0],"ix":1},"s":{"a":0,"k":[100,100],"ix":3},"r":{"a":0,"k":0,"ix":6},"o":{"a":0,"k":100,"ix":7},"sk":{"a":0,"k":0,"ix":4},"sa":{"a":0,"k":0,"ix":5},"nm":"Transform"}],"nm":"Shape 1","np":3,"cix":2,"bm":0,"ix":1,"mn":"ADBE Vector Group","hd":false},{"ty":"tm","s":{"a":0,"k":0,"ix":1},"e":{"a":1,"k":[{"i":{"x":[0.374],"y":[1]},"o":{"x":[0.626],"y":[0]},"t":31,"s":[0],"e":[99]},{"t":54}],"ix":2},"o":{"a":0,"k":0,"ix":3},"m":1,"ix":2,"nm":"Trim Paths 1","mn":"ADBE Vector Filter - Trim","hd":false}],"ip":0,"op":480,"st":0,"bm":0},{"ddd":0,"ind":7,"ty":4,"nm":"armpit","parent":24,"sr":1,"ks":{"o":{"a":0,"k":100,"ix":11},"r":{"a":0,"k":0,"ix":10},"p":{"a":0,"k":[-42.259,-18.229,0],"ix":2},"a":{"a":0,"k":[-0.009,0.021,0],"ix":1},"s":{"a":0,"k":[100,100,100],"ix":6}},"ao":0,"shapes":[{"ty":"gr","it":[{"ind":0,"ty":"sh","ix":1,"ks":{"a":0,"k":{"i":[[0,0],[0,0]],"o":[[0,0],[0,0]],"v":[[12.667,-31.368],[-5.121,8.556]],"c":false},"ix":2},"nm":"Path 1","mn":"ADBE Vector Shape - Group","hd":false},{"ty":"st","c":{"a":0,"k":[0.125490196078,0.129411764706,0.141176470588,1],"ix":3},"o":{"a":0,"k":100,"ix":4},"w":{"a":0,"k":4,"ix":5},"lc":2,"lj":2,"bm":0,"nm":"Stroke 1","mn":"ADBE Vector Graphic - Stroke","hd":false},{"ty":"tr","p":{"a":0,"k":[-3.772,11.406],"ix":2},"a":{"a":0,"k":[0,0],"ix":1},"s":{"a":0,"k":[100,100],"ix":3},"r":{"a":0,"k":0,"ix":6},"o":{"a":0,"k":100,"ix":7},"sk":{"a":0,"k":0,"ix":4},"sa":{"a":0,"k":0,"ix":5},"nm":"Transform"}],"nm":"Shape 1","np":3,"cix":2,"bm":0,"ix":1,"mn":"ADBE Vector Group","hd":false}],"ip":0,"op":480,"st":0,"bm":0},{"ddd":0,"ind":8,"ty":4,"nm":"01 leg 2","parent":24,"sr":1,"ks":{"o":{"a":0,"k":100,"ix":11},"r":{"a":0,"k":0,"ix":10},"p":{"a":0,"k":[198.42,71.082,0],"ix":2},"a":{"a":0,"k":[-0.33,0.832,0],"ix":1},"s":{"a":0,"k":[100,100,100],"ix":6}},"ao":0,"shapes":[{"ty":"gr","it":[{"ind":0,"ty":"sh","ix":1,"ks":{"a":0,"k":{"i":[[0,0],[-47.484,0],[0,0],[-19.734,-13.567],[0,0]],"o":[[0,0],[47.484,0],[14.225,-6.923],[19.733,13.567],[0,0]],"v":[[-219.333,-54.315],[-164.157,24.023],[22.886,-56.936],[68.947,-51.828],[226.878,42.583]],"c":false},"ix":2},"nm":"Path 1","mn":"ADBE Vector Shape - Group","hd":false},{"ty":"st","c":{"a":0,"k":[0.125490196078,0.129411764706,0.141176470588,1],"ix":3},"o":{"a":0,"k":100,"ix":4},"w":{"a":0,"k":4,"ix":5},"lc":2,"lj":2,"bm":0,"nm":"Stroke 1","mn":"ADBE Vector Graphic - Stroke","hd":false},{"ty":"tr","p":{"a":0,"k":[6.665,22.029],"ix":2},"a":{"a":0,"k":[0,0],"ix":1},"s":{"a":0,"k":[100,100],"ix":3},"r":{"a":0,"k":0,"ix":6},"o":{"a":0,"k":100,"ix":7},"sk":{"a":0,"k":0,"ix":4},"sa":{"a":0,"k":0,"ix":5},"nm":"Transform"}],"nm":"Shape 2","np":3,"cix":2,"bm":0,"ix":1,"mn":"ADBE Vector Group","hd":false},{"ty":"gr","it":[{"ind":0,"ty":"sh","ix":1,"ks":{"a":0,"k":{"i":[[0,0],[-76.468,0],[0,0],[0,0],[0,0],[53.034,-8.017],[0,0],[0,0]],"o":[[0,0],[76.468,0],[0,0],[0,0],[0,0],[-53.034,8.017],[0,0],[0,0]],"v":[[-240.838,-26.626],[-171.835,73.498],[42.769,-14.91],[216.671,73.498],[255.847,34.128],[45.235,-88.294],[-150.868,-26.01],[-171.835,-64.244]],"c":true},"ix":2},"nm":"Path 1","mn":"ADBE Vector Shape - Group","hd":false},{"ty":"st","c":{"a":0,"k":[0.125490196078,0.129411764706,0.141176470588,1],"ix":3},"o":{"a":0,"k":100,"ix":4},"w":{"a":0,"k":4,"ix":5},"lc":2,"lj":2,"bm":0,"nm":"Stroke 1","mn":"ADBE Vector Graphic - Stroke","hd":false},{"ty":"fl","c":{"a":0,"k":[0.101960784314,0.450980392157,0.909803921569,1],"ix":4},"o":{"a":0,"k":100,"ix":5},"r":1,"bm":0,"nm":"Fill 1","mn":"ADBE Vector Graphic - Fill","hd":false},{"ty":"tr","p":{"a":0,"k":[-3.772,11.406],"ix":2},"a":{"a":0,"k":[0,0],"ix":1},"s":{"a":0,"k":[100,100],"ix":3},"r":{"a":0,"k":0,"ix":6},"o":{"a":0,"k":100,"ix":7},"sk":{"a":0,"k":0,"ix":4},"sa":{"a":0,"k":0,"ix":5},"nm":"Transform"}],"nm":"Shape 1","np":3,"cix":2,"bm":0,"ix":2,"mn":"ADBE Vector Group","hd":false}],"ip":0,"op":480,"st":0,"bm":0},{"ddd":0,"ind":9,"ty":4,"nm":"01 leg 1","parent":24,"sr":1,"ks":{"o":{"a":0,"k":100,"ix":11},"r":{"a":0,"k":0,"ix":10},"p":{"a":0,"k":[145.42,4.582,0],"ix":2},"a":{"a":0,"k":[-0.33,0.832,0],"ix":1},"s":{"a":0,"k":[100,100,100],"ix":6}},"ao":0,"shapes":[{"ty":"gr","it":[{"ind":0,"ty":"sh","ix":1,"ks":{"a":0,"k":{"i":[[0,0],[0,0]],"o":[[0,0],[0,0]],"v":[[46.266,-9.344],[41.279,-46.468]],"c":false},"ix":2},"nm":"Path 1","mn":"ADBE Vector Shape - Group","hd":false},{"ty":"st","c":{"a":0,"k":[0.125490196078,0.129411764706,0.141176470588,1],"ix":3},"o":{"a":0,"k":100,"ix":4},"w":{"a":0,"k":4,"ix":5},"lc":2,"lj":2,"bm":0,"nm":"Stroke 1","mn":"ADBE Vector Graphic - Stroke","hd":false},{"ty":"tr","p":{"a":0,"k":[-3.772,11.406],"ix":2},"a":{"a":0,"k":[0,0],"ix":1},"s":{"a":0,"k":[100,100],"ix":3},"r":{"a":0,"k":0,"ix":6},"o":{"a":0,"k":100,"ix":7},"sk":{"a":0,"k":0,"ix":4},"sa":{"a":0,"k":0,"ix":5},"nm":"Transform"}],"nm":"Shape 2","np":3,"cix":2,"bm":0,"ix":1,"mn":"ADBE Vector Group","hd":false},{"ty":"gr","it":[{"ind":0,"ty":"sh","ix":1,"ks":{"a":0,"k":{"i":[[0,0],[-36.23,0],[0,-27.134],[0,0],[0,0],[0,0],[0,0]],"o":[[0,0],[23.18,0],[0,0],[0,0],[0,0],[0,0],[0,0]],"v":[[-106.768,23.504],[86.071,-142.745],[112.364,-73.825],[114.313,111.24],[61.066,111.24],[48.945,5.172],[-84.874,119.933]],"c":true},"ix":2},"nm":"Path 1","mn":"ADBE Vector Shape - Group","hd":false},{"ty":"st","c":{"a":0,"k":[0.125490196078,0.129411764706,0.141176470588,1],"ix":3},"o":{"a":0,"k":100,"ix":4},"w":{"a":0,"k":4,"ix":5},"lc":2,"lj":2,"bm":0,"nm":"Stroke 1","mn":"ADBE Vector Graphic - Stroke","hd":false},{"ty":"fl","c":{"a":0,"k":[0.101960784314,0.450980392157,0.909803921569,1],"ix":4},"o":{"a":0,"k":100,"ix":5},"r":1,"bm":0,"nm":"Fill 1","mn":"ADBE Vector Graphic - Fill","hd":false},{"ty":"tr","p":{"a":0,"k":[-3.772,11.406],"ix":2},"a":{"a":0,"k":[0,0],"ix":1},"s":{"a":0,"k":[100,100],"ix":3},"r":{"a":0,"k":0,"ix":6},"o":{"a":0,"k":100,"ix":7},"sk":{"a":0,"k":0,"ix":4},"sa":{"a":0,"k":0,"ix":5},"nm":"Transform"}],"nm":"Shape 1","np":3,"cix":2,"bm":0,"ix":2,"mn":"ADBE Vector Group","hd":false}],"ip":0,"op":480,"st":0,"bm":0},{"ddd":0,"ind":10,"ty":4,"nm":"shadow","parent":24,"sr":1,"ks":{"o":{"a":0,"k":100,"ix":11},"r":{"a":0,"k":0,"ix":10},"p":{"a":0,"k":[438.545,130.207,0],"ix":2},"a":{"a":0,"k":[-0.33,0.832,0],"ix":1},"s":{"a":0,"k":[100,100,100],"ix":6}},"ao":0,"shapes":[{"ty":"gr","it":[{"ind":0,"ty":"sh","ix":1,"ks":{"a":0,"k":{"i":[[0.798,0.579],[0.694,-0.696],[0,0],[-0.683,-0.791],[-0.149,-0.07],[-0.284,0],[-0.354,0.688],[0,0]],"o":[[-0.799,-0.582],[0,0],[-0.737,0.741],[3.163,3.668],[0.273,0.127],[0.728,0],[0,0],[0.45,-0.877]],"v":[[13.921,-41.576],[11.328,-41.37],[-6.668,-23.285],[-6.765,-20.568],[0.093,-15.15],[0.938,-14.963],[2.718,-16.05],[14.525,-39.046]],"c":true},"ix":2},"nm":"Path 1","mn":"ADBE Vector Shape - Group","hd":false},{"ty":"fl","c":{"a":0,"k":[0.125490196078,0.129411764706,0.141176470588,1],"ix":4},"o":{"a":0,"k":100,"ix":5},"r":1,"bm":0,"nm":"Fill 1","mn":"ADBE Vector Graphic - Fill","hd":false},{"ty":"tr","p":{"a":0,"k":[-3.764,28.561],"ix":2},"a":{"a":0,"k":[0,0],"ix":1},"s":{"a":0,"k":[100,100],"ix":3},"r":{"a":0,"k":0,"ix":6},"o":{"a":0,"k":100,"ix":7},"sk":{"a":0,"k":0,"ix":4},"sa":{"a":0,"k":0,"ix":5},"nm":"Transform"}],"nm":"Shape 1","np":3,"cix":2,"bm":0,"ix":1,"mn":"ADBE Vector Group","hd":false}],"ip":0,"op":480,"st":0,"bm":0},{"ddd":0,"ind":11,"ty":4,"nm":"01 foot 2","parent":24,"sr":1,"ks":{"o":{"a":0,"k":100,"ix":11},"r":{"a":0,"k":0,"ix":10},"p":{"a":0,"k":[468.295,127.707,0],"ix":2},"a":{"a":0,"k":[-0.33,0.832,0],"ix":1},"s":{"a":0,"k":[100,100,100],"ix":6}},"ao":0,"shapes":[{"ty":"gr","it":[{"ind":0,"ty":"sh","ix":1,"ks":{"a":0,"k":{"i":[[0,0],[-11.408,-3.7],[0,0],[10.922,10.075]],"o":[[19.092,9.227],[0,0],[0,0],[0,0]],"v":[[-18.208,-35.852],[43.732,-52.92],[-6.517,-0.501],[-36.204,-17.767]],"c":true},"ix":2},"nm":"Path 1","mn":"ADBE Vector Shape - Group","hd":false},{"ty":"st","c":{"a":0,"k":[0.125490196078,0.129411764706,0.141176470588,1],"ix":3},"o":{"a":0,"k":100,"ix":4},"w":{"a":0,"k":4,"ix":5},"lc":2,"lj":2,"bm":0,"nm":"Stroke 1","mn":"ADBE Vector Graphic - Stroke","hd":false},{"ty":"fl","c":{"a":0,"k":[0.850980392157,0.188235294118,0.145098039216,1],"ix":4},"o":{"a":0,"k":100,"ix":5},"r":1,"bm":0,"nm":"Fill 1","mn":"ADBE Vector Graphic - Fill","hd":false},{"ty":"tr","p":{"a":0,"k":[-3.764,28.561],"ix":2},"a":{"a":0,"k":[0,0],"ix":1},"s":{"a":0,"k":[100,100],"ix":3},"r":{"a":0,"k":0,"ix":6},"o":{"a":0,"k":100,"ix":7},"sk":{"a":0,"k":0,"ix":4},"sa":{"a":0,"k":0,"ix":5},"nm":"Transform"}],"nm":"Shape 1","np":3,"cix":2,"bm":0,"ix":1,"mn":"ADBE Vector Group","hd":false}],"ip":0,"op":480,"st":0,"bm":0},{"ddd":0,"ind":12,"ty":4,"nm":"shadow 2","parent":24,"sr":1,"ks":{"o":{"a":0,"k":100,"ix":11},"r":{"a":0,"k":0,"ix":10},"p":{"a":0,"k":[227.494,128.375,0],"ix":2},"a":{"a":0,"k":[-206.006,4,0],"ix":1},"s":{"a":0,"k":[100,100,100],"ix":6}},"ao":0,"shapes":[{"ty":"gr","it":[{"ind":0,"ty":"sh","ix":1,"ks":{"a":0,"k":{"i":[[1.005,0],[0,0],[0.18,-0.943],[0.006,-0.027],[-0.503,-0.48],[-0.507,0],[-0.17,0.045],[0,0],[0.13,0.996]],"o":[[0,0],[-0.96,0],[-0.604,3.178],[-0.145,0.681],[0.377,0.358],[0.171,0],[0,0],[0.971,-0.258],[-0.13,-0.996]],"v":[[-190.842,-29.589],[-212.426,-29.589],[-214.391,-27.963],[-215.599,-21.949],[-215.022,-20.083],[-213.643,-19.532],[-213.129,-19.599],[-190.329,-25.657],[-188.859,-27.848]],"c":true},"ix":2},"nm":"Path 1","mn":"ADBE Vector Shape - Group","hd":false},{"ty":"fl","c":{"a":0,"k":[0.125490196078,0.129411764706,0.141176470588,1],"ix":4},"o":{"a":0,"k":100,"ix":5},"r":1,"bm":0,"nm":"Fill 1","mn":"ADBE Vector Graphic - Fill","hd":false},{"ty":"tr","p":{"a":0,"k":[-3.764,28.561],"ix":2},"a":{"a":0,"k":[0,0],"ix":1},"s":{"a":0,"k":[100,100],"ix":3},"r":{"a":0,"k":0,"ix":6},"o":{"a":0,"k":100,"ix":7},"sk":{"a":0,"k":0,"ix":4},"sa":{"a":0,"k":0,"ix":5},"nm":"Transform"}],"nm":"Shape 1","np":3,"cix":2,"bm":0,"ix":1,"mn":"ADBE Vector Group","hd":false}],"ip":0,"op":480,"st":0,"bm":0},{"ddd":0,"ind":13,"ty":4,"nm":"01 foot 1","parent":24,"sr":1,"ks":{"o":{"a":0,"k":100,"ix":11},"r":{"a":0,"k":0,"ix":10},"p":{"a":0,"k":[199.42,70.957,0],"ix":2},"a":{"a":0,"k":[-0.33,0.832,0],"ix":1},"s":{"a":0,"k":[100,100,100],"ix":6}},"ao":0,"shapes":[{"ty":"gr","it":[{"ind":0,"ty":"sh","ix":1,"ks":{"a":1,"k":[{"i":{"x":0.597,"y":1},"o":{"x":0.55,"y":0},"t":3,"s":[{"i":[[0,0],[0,-13.035],[0,0],[4.317,24.05]],"o":[[0,0],[0,0],[0,-11.015],[0,0]],"v":[[21.537,26.99],[17.836,56.197],[89.708,56.197],[43.12,26.99]],"c":true}],"e":[{"i":[[0,0],[0,-13.035],[0,0],[4.317,24.05]],"o":[[0,0],[0,0],[0,-11.015],[0,0]],"v":[[21.537,26.99],[17.836,54.947],[89.458,61.697],[43.12,26.99]],"c":true}]},{"i":{"x":0.597,"y":1},"o":{"x":0.4,"y":0},"t":10,"s":[{"i":[[0,0],[0,-13.035],[0,0],[4.317,24.05]],"o":[[0,0],[0,0],[0,-11.015],[0,0]],"v":[[21.537,26.99],[17.836,54.947],[89.458,61.697],[43.12,26.99]],"c":true}],"e":[{"i":[[0,0],[0,-13.035],[0,0],[4.317,24.05]],"o":[[0,0],[0,0],[0,-11.015],[0,0]],"v":[[21.537,26.99],[17.836,54.947],[89.458,61.697],[43.12,26.99]],"c":true}]},{"i":{"x":0.4,"y":1},"o":{"x":0.4,"y":0},"t":20,"s":[{"i":[[0,0],[0,-13.035],[0,0],[4.317,24.05]],"o":[[0,0],[0,0],[0,-11.015],[0,0]],"v":[[21.537,26.99],[17.836,54.947],[89.458,61.697],[43.12,26.99]],"c":true}],"e":[{"i":[[0,0],[0,-13.035],[0,0],[4.317,24.05]],"o":[[0,0],[0,0],[0,-11.015],[0,0]],"v":[[21.537,26.99],[17.836,56.197],[89.708,56.197],[43.12,26.99]],"c":true}]},{"t":25}],"ix":2},"nm":"Path 1","mn":"ADBE Vector Shape - Group","hd":false},{"ty":"st","c":{"a":0,"k":[0.125490196078,0.129411764706,0.141176470588,1],"ix":3},"o":{"a":0,"k":100,"ix":4},"w":{"a":0,"k":4,"ix":5},"lc":2,"lj":2,"bm":0,"nm":"Stroke 1","mn":"ADBE Vector Graphic - Stroke","hd":false},{"ty":"fl","c":{"a":0,"k":[0.850980392157,0.188235294118,0.145098039216,1],"ix":4},"o":{"a":0,"k":100,"ix":5},"r":1,"bm":0,"nm":"Fill 1","mn":"ADBE Vector Graphic - Fill","hd":false},{"ty":"tr","p":{"a":0,"k":[-3.764,28.561],"ix":2},"a":{"a":0,"k":[0,0],"ix":1},"s":{"a":0,"k":[100,100],"ix":3},"r":{"a":0,"k":0,"ix":6},"o":{"a":0,"k":100,"ix":7},"sk":{"a":0,"k":0,"ix":4},"sa":{"a":0,"k":0,"ix":5},"nm":"Transform"}],"nm":"Shape 1","np":3,"cix":2,"bm":0,"ix":1,"mn":"ADBE Vector Group","hd":false}],"ip":0,"op":480,"st":0,"bm":0},{"ddd":0,"ind":14,"ty":4,"nm":"01 shirt","parent":24,"sr":1,"ks":{"o":{"a":0,"k":100,"ix":11},"r":{"a":0,"k":0,"ix":10},"p":{"a":0,"k":[556.42,-34.918,0],"ix":2},"a":{"a":0,"k":[-0.33,0.832,0],"ix":1},"s":{"a":0,"k":[100,100,100],"ix":6}},"ao":0,"shapes":[{"ty":"gr","it":[{"ind":0,"ty":"sh","ix":1,"ks":{"a":0,"k":{"i":[[0,0],[0,0],[0,0],[15.417,0],[0,0],[0,0]],"o":[[0,0],[0,0],[2.161,-29.6],[-25.9,0],[0,0],[0,0]],"v":[[-598.122,78.487],[-521.102,36.553],[-517.712,-10.315],[-579.686,-76.299],[-646.904,26.758],[-603.736,26.758]],"c":true},"ix":2},"nm":"Path 1","mn":"ADBE Vector Shape - Group","hd":false},{"ty":"st","c":{"a":0,"k":[0.125490196078,0.129411764706,0.141176470588,1],"ix":3},"o":{"a":0,"k":100,"ix":4},"w":{"a":0,"k":4,"ix":5},"lc":2,"lj":2,"bm":0,"nm":"Stroke 1","mn":"ADBE Vector Graphic - Stroke","hd":false},{"ty":"fl","c":{"a":0,"k":[1,1,1,1],"ix":4},"o":{"a":0,"k":100,"ix":5},"r":1,"bm":0,"nm":"Fill 1","mn":"ADBE Vector Graphic - Fill","hd":false},{"ty":"tr","p":{"a":0,"k":[-3.772,11.406],"ix":2},"a":{"a":0,"k":[0,0],"ix":1},"s":{"a":0,"k":[100,100],"ix":3},"r":{"a":0,"k":0,"ix":6},"o":{"a":0,"k":100,"ix":7},"sk":{"a":0,"k":0,"ix":4},"sa":{"a":0,"k":0,"ix":5},"nm":"Transform"}],"nm":"Shape 1","np":3,"cix":2,"bm":0,"ix":1,"mn":"ADBE Vector Group","hd":false}],"ip":0,"op":480,"st":0,"bm":0},{"ddd":0,"ind":15,"ty":4,"nm":"01 arm 2","parent":24,"sr":1,"ks":{"o":{"a":0,"k":100,"ix":11},"r":{"a":0,"k":0,"ix":10},"p":{"a":0,"k":[556.42,-34.918,0],"ix":2},"a":{"a":0,"k":[-0.33,0.832,0],"ix":1},"s":{"a":0,"k":[100,100,100],"ix":6}},"ao":0,"shapes":[{"ty":"gr","it":[{"ind":0,"ty":"sh","ix":1,"ks":{"a":1,"k":[{"i":{"x":0.506,"y":1},"o":{"x":0.459,"y":0},"t":3,"s":[{"i":[[0,0],[0,0],[14.8,0],[0,0],[-6.783,15.476],[0,0]],"o":[[0,0],[-4.317,11.658],[0,0],[3.006,-8.625],[6.783,-15.476],[0,0]],"v":[[-604.393,27.167],[-653.111,158.506],[-678.395,179.02],[-703.062,179.02],[-668.528,158.506],[-636.461,27.167]],"c":true}],"e":[{"i":[[0,0],[0,0],[5.583,-2.411],[0,0],[-8.075,13.175],[0,0]],"o":[[0,0],[-4.317,11.658],[-5.583,2.411],[3.006,-8.625],[6.783,-15.476],[0,0]],"v":[[-604.393,27.167],[-653.111,158.506],[-677.645,180.02],[-703.062,183.77],[-668.528,158.506],[-636.461,27.167]],"c":true}]},{"i":{"x":0.506,"y":1},"o":{"x":0.421,"y":0},"t":10,"s":[{"i":[[0,0],[0,0],[5.583,-2.411],[0,0],[-8.075,13.175],[0,0]],"o":[[0,0],[-4.317,11.658],[-5.583,2.411],[3.006,-8.625],[6.783,-15.476],[0,0]],"v":[[-604.393,27.167],[-653.111,158.506],[-677.645,180.02],[-703.062,183.77],[-668.528,158.506],[-636.461,27.167]],"c":true}],"e":[{"i":[[0,0],[0,0],[5.583,-2.411],[0,0],[-8.075,13.175],[0,0]],"o":[[0,0],[-4.317,11.658],[-5.583,2.411],[3.006,-8.625],[6.783,-15.476],[0,0]],"v":[[-604.393,27.167],[-653.111,158.506],[-677.645,180.02],[-703.062,183.77],[-668.528,158.506],[-636.461,27.167]],"c":true}]},{"i":{"x":0.441,"y":1},"o":{"x":0.421,"y":0},"t":20,"s":[{"i":[[0,0],[0,0],[5.583,-2.411],[0,0],[-8.075,13.175],[0,0]],"o":[[0,0],[-4.317,11.658],[-5.583,2.411],[3.006,-8.625],[6.783,-15.476],[0,0]],"v":[[-604.393,27.167],[-653.111,158.506],[-677.645,180.02],[-703.062,183.77],[-668.528,158.506],[-636.461,27.167]],"c":true}],"e":[{"i":[[0,0],[0,0],[14.8,0],[0,0],[-6.783,15.476],[0,0]],"o":[[0,0],[-4.317,11.658],[0,0],[3.006,-8.625],[6.783,-15.476],[0,0]],"v":[[-604.393,27.167],[-653.111,158.506],[-678.395,179.02],[-703.062,179.02],[-668.528,158.506],[-636.461,27.167]],"c":true}]},{"t":25}],"ix":2},"nm":"Path 1","mn":"ADBE Vector Shape - Group","hd":false},{"ty":"st","c":{"a":0,"k":[0.125490196078,0.129411764706,0.141176470588,1],"ix":3},"o":{"a":0,"k":100,"ix":4},"w":{"a":0,"k":4,"ix":5},"lc":2,"lj":2,"bm":0,"nm":"Stroke 1","mn":"ADBE Vector Graphic - Stroke","hd":false},{"ty":"fl","c":{"a":0,"k":[0.858823529412,0.654901960784,0.498039215686,1],"ix":4},"o":{"a":0,"k":100,"ix":5},"r":1,"bm":0,"nm":"Fill 1","mn":"ADBE Vector Graphic - Fill","hd":false},{"ty":"tr","p":{"a":0,"k":[-3.772,11.406],"ix":2},"a":{"a":0,"k":[0,0],"ix":1},"s":{"a":0,"k":[100,100],"ix":3},"r":{"a":0,"k":0,"ix":6},"o":{"a":0,"k":100,"ix":7},"sk":{"a":0,"k":0,"ix":4},"sa":{"a":0,"k":0,"ix":5},"nm":"Transform"}],"nm":"Shape 1","np":3,"cix":2,"bm":0,"ix":1,"mn":"ADBE Vector Group","hd":false}],"ip":0,"op":480,"st":0,"bm":0},{"ddd":0,"ind":16,"ty":4,"nm":"01 arm 1","parent":24,"sr":1,"ks":{"o":{"a":0,"k":100,"ix":11},"r":{"a":0,"k":0,"ix":10},"p":{"a":0,"k":[556.42,-34.918,0],"ix":2},"a":{"a":0,"k":[-0.33,0.832,0],"ix":1},"s":{"a":0,"k":[100,100,100],"ix":6}},"ao":0,"shapes":[{"ty":"gr","it":[{"ind":0,"ty":"sh","ix":1,"ks":{"a":1,"k":[{"i":{"x":0.435,"y":1},"o":{"x":0.581,"y":0},"t":3,"s":[{"i":[[-15.109,0],[0,0],[8.325,-13.567],[22.2,-5.55],[0,0],[0,0],[0,0]],"o":[[0,0],[-8.017,7.4],[-8.325,13.567],[-11.408,2.467],[0,0],[0,0],[13.413,0]],"v":[[-388.855,-142.285],[-349.387,-142.285],[-390.088,-125.943],[-471.257,-28.994],[-491.068,-27.915],[-491.068,-58.749],[-477.038,-56.745]],"c":true}],"e":[{"i":[[-15.109,0],[0,0],[8.325,-13.567],[22.2,-5.55],[0,0],[0,0],[0,0]],"o":[[0,0],[-8.017,7.4],[-8.325,13.567],[-11.408,2.467],[0,0],[0,0],[13.413,0]],"v":[[-388.855,-142.285],[-349.137,-135.035],[-390.088,-125.943],[-471.257,-28.994],[-491.068,-27.915],[-491.068,-58.749],[-477.038,-56.745]],"c":true}]},{"i":{"x":0.427,"y":1},"o":{"x":0.533,"y":0},"t":11,"s":[{"i":[[-15.109,0],[0,0],[8.325,-13.567],[22.2,-5.55],[0,0],[0,0],[0,0]],"o":[[0,0],[-8.017,7.4],[-8.325,13.567],[-11.408,2.467],[0,0],[0,0],[13.413,0]],"v":[[-388.855,-142.285],[-349.137,-135.035],[-390.088,-125.943],[-471.257,-28.994],[-491.068,-27.915],[-491.068,-58.749],[-477.038,-56.745]],"c":true}],"e":[{"i":[[-15.109,0],[0,0],[8.325,-13.567],[22.2,-5.55],[0,0],[0,0],[0,0]],"o":[[0,0],[-8.017,7.4],[-8.325,13.567],[-11.408,2.467],[0,0],[0,0],[13.413,0]],"v":[[-388.855,-142.285],[-350.387,-148.535],[-390.088,-125.943],[-471.257,-28.994],[-491.068,-27.915],[-491.068,-58.749],[-477.038,-56.745]],"c":true}]},{"i":{"x":0.667,"y":1},"o":{"x":0.167,"y":0},"t":20,"s":[{"i":[[-15.109,0],[0,0],[8.325,-13.567],[22.2,-5.55],[0,0],[0,0],[0,0]],"o":[[0,0],[-8.017,7.4],[-8.325,13.567],[-11.408,2.467],[0,0],[0,0],[13.413,0]],"v":[[-388.855,-142.285],[-350.387,-148.535],[-390.088,-125.943],[-471.257,-28.994],[-491.068,-27.915],[-491.068,-58.749],[-477.038,-56.745]],"c":true}],"e":[{"i":[[-15.109,0],[0,0],[8.325,-13.567],[22.2,-5.55],[0,0],[0,0],[0,0]],"o":[[0,0],[-8.017,7.4],[-8.325,13.567],[-11.408,2.467],[0,0],[0,0],[13.413,0]],"v":[[-388.855,-142.285],[-349.387,-142.285],[-390.088,-125.943],[-471.257,-28.994],[-491.068,-27.915],[-491.068,-58.749],[-477.038,-56.745]],"c":true}]},{"i":{"x":0.435,"y":1},"o":{"x":0.167,"y":0},"t":25,"s":[{"i":[[-15.109,0],[0,0],[8.325,-13.567],[22.2,-5.55],[0,0],[0,0],[0,0]],"o":[[0,0],[-8.017,7.4],[-8.325,13.567],[-11.408,2.467],[0,0],[0,0],[13.413,0]],"v":[[-388.855,-142.285],[-349.387,-142.285],[-390.088,-125.943],[-471.257,-28.994],[-491.068,-27.915],[-491.068,-58.749],[-477.038,-56.745]],"c":true}],"e":[{"i":[[-15.109,0],[0,0],[8.325,-13.567],[22.2,-5.55],[0,0],[0,0],[0,0]],"o":[[0,0],[-8.017,7.4],[-8.325,13.567],[-11.408,2.467],[0,0],[0,0],[13.413,0]],"v":[[-388.855,-142.285],[-349.137,-135.035],[-390.088,-125.943],[-471.257,-28.994],[-491.068,-27.915],[-491.068,-58.749],[-477.038,-56.745]],"c":true}]},{"i":{"x":0.667,"y":1},"o":{"x":0.533,"y":0},"t":31,"s":[{"i":[[-15.109,0],[0,0],[8.325,-13.567],[22.2,-5.55],[0,0],[0,0],[0,0]],"o":[[0,0],[-8.017,7.4],[-8.325,13.567],[-11.408,2.467],[0,0],[0,0],[13.413,0]],"v":[[-388.855,-142.285],[-349.137,-135.035],[-390.088,-125.943],[-471.257,-28.994],[-491.068,-27.915],[-491.068,-58.749],[-477.038,-56.745]],"c":true}],"e":[{"i":[[-15.109,0],[0,0],[8.325,-13.567],[22.2,-5.55],[0,0],[0,0],[0,0]],"o":[[0,0],[-8.017,7.4],[-8.325,13.567],[-11.408,2.467],[0,0],[0,0],[13.413,0]],"v":[[-388.855,-142.285],[-349.387,-142.285],[-390.088,-125.943],[-471.257,-28.994],[-491.068,-27.915],[-491.068,-58.749],[-477.038,-56.745]],"c":true}]},{"t":37}],"ix":2},"nm":"Path 1","mn":"ADBE Vector Shape - Group","hd":false},{"ty":"st","c":{"a":0,"k":[0.125490196078,0.129411764706,0.141176470588,1],"ix":3},"o":{"a":0,"k":100,"ix":4},"w":{"a":0,"k":4,"ix":5},"lc":2,"lj":2,"bm":0,"nm":"Stroke 1","mn":"ADBE Vector Graphic - Stroke","hd":false},{"ty":"fl","c":{"a":0,"k":[0.858823529412,0.654901960784,0.498039215686,1],"ix":4},"o":{"a":0,"k":100,"ix":5},"r":1,"bm":0,"nm":"Fill 1","mn":"ADBE Vector Graphic - Fill","hd":false},{"ty":"tr","p":{"a":0,"k":[-3.772,11.406],"ix":2},"a":{"a":0,"k":[0,0],"ix":1},"s":{"a":0,"k":[100,100],"ix":3},"r":{"a":0,"k":0,"ix":6},"o":{"a":0,"k":100,"ix":7},"sk":{"a":0,"k":0,"ix":4},"sa":{"a":0,"k":0,"ix":5},"nm":"Transform"}],"nm":"Shape 1","np":3,"cix":2,"bm":0,"ix":1,"mn":"ADBE Vector Group","hd":false}],"ip":0,"op":480,"st":0,"bm":0},{"ddd":0,"ind":17,"ty":4,"nm":"01 head","parent":24,"sr":1,"ks":{"o":{"a":0,"k":100,"ix":11},"r":{"a":0,"k":0,"ix":10},"p":{"a":0,"k":[-20.995,-120.39,0],"ix":2},"a":{"a":0,"k":[-577.745,-84.64,0],"ix":1},"s":{"a":0,"k":[100,100,100],"ix":6}},"ao":0,"shapes":[{"ty":"gr","it":[{"ind":0,"ty":"sh","ix":1,"ks":{"a":0,"k":{"i":[[0,0],[0,0]],"o":[[-5.32,-2.467],[0,0]],"v":[[-567.125,-85.907],[-574.08,-94.155]],"c":false},"ix":2},"nm":"Path 1","mn":"ADBE Vector Shape - Group","hd":false},{"ty":"st","c":{"a":0,"k":[0.125490196078,0.129411764706,0.141176470588,1],"ix":3},"o":{"a":0,"k":100,"ix":4},"w":{"a":0,"k":4,"ix":5},"lc":2,"lj":2,"bm":0,"nm":"Stroke 1","mn":"ADBE Vector Graphic - Stroke","hd":false},{"ty":"tr","p":{"a":0,"k":[-3.772,11.406],"ix":2},"a":{"a":0,"k":[0,0],"ix":1},"s":{"a":0,"k":[100,100],"ix":3},"r":{"a":0,"k":0,"ix":6},"o":{"a":0,"k":100,"ix":7},"sk":{"a":0,"k":0,"ix":4},"sa":{"a":0,"k":0,"ix":5},"nm":"Transform"}],"nm":"Shape 2","np":3,"cix":2,"bm":0,"ix":1,"mn":"ADBE Vector Group","hd":false},{"ty":"gr","it":[{"ind":0,"ty":"sh","ix":1,"ks":{"a":0,"k":{"i":[[0,0],[8.827,-12.792],[0,0],[3.1,13.875],[0,18.362],[6.698,12.881],[0,-9.25],[7.323,0],[0,-1.002],[-5.337,-0.755],[0,0]],"o":[[0,0],[0,0],[0,0],[0,0],[0,-12.965],[0,6.671],[0,0],[-5.377,0],[0,2.679],[3.179,0.909],[0,0]],"v":[[-586.615,-97.406],[-590.333,-70.439],[-558.509,-65.127],[-567.077,-86.014],[-546.743,-97.406],[-554.598,-129.686],[-579.427,-106.056],[-589.526,-112.531],[-595.712,-106.114],[-586.615,-97.406],[-581.278,-96.651]],"c":false},"ix":2},"nm":"Path 1","mn":"ADBE Vector Shape - Group","hd":false},{"ty":"st","c":{"a":0,"k":[0.125490196078,0.129411764706,0.141176470588,1],"ix":3},"o":{"a":0,"k":100,"ix":4},"w":{"a":0,"k":4,"ix":5},"lc":2,"lj":2,"bm":0,"nm":"Stroke 1","mn":"ADBE Vector Graphic - Stroke","hd":false},{"ty":"fl","c":{"a":0,"k":[0.858823529412,0.654901960784,0.498039215686,1],"ix":4},"o":{"a":0,"k":100,"ix":5},"r":1,"bm":0,"nm":"Fill 1","mn":"ADBE Vector Graphic - Fill","hd":false},{"ty":"tr","p":{"a":0,"k":[-3.772,11.406],"ix":2},"a":{"a":0,"k":[0,0],"ix":1},"s":{"a":0,"k":[100,100],"ix":3},"r":{"a":0,"k":0,"ix":6},"o":{"a":0,"k":100,"ix":7},"sk":{"a":0,"k":0,"ix":4},"sa":{"a":0,"k":0,"ix":5},"nm":"Transform"}],"nm":"Shape 1","np":3,"cix":2,"bm":0,"ix":2,"mn":"ADBE Vector Group","hd":false}],"ip":0,"op":480,"st":0,"bm":0},{"ddd":0,"ind":18,"ty":4,"nm":"msg dots","parent":19,"sr":1,"ks":{"o":{"a":0,"k":100,"ix":11},"r":{"a":0,"k":0,"ix":10},"p":{"a":0,"k":[-33.08,0.832,0],"ix":2},"a":{"a":0,"k":[-0.33,0.832,0],"ix":1},"s":{"a":0,"k":[100,100,100],"ix":6}},"ao":0,"shapes":[{"ty":"gr","it":[{"ind":0,"ty":"sh","ix":1,"ks":{"a":0,"k":{"i":[[0,-5.007],[5.007,0],[0,5.007],[-5.007,0]],"o":[[0,5.007],[-5.007,0],[0,-5.007],[5.007,0]],"v":[[12.839,-11.406],[3.772,-2.34],[-5.294,-11.406],[3.772,-20.473]],"c":true},"ix":2},"nm":"Path 1","mn":"ADBE Vector Shape - Group","hd":false},{"ty":"st","c":{"a":0,"k":[0.125490196078,0.129411764706,0.141176470588,1],"ix":3},"o":{"a":0,"k":100,"ix":4},"w":{"a":0,"k":4,"ix":5},"lc":2,"lj":2,"bm":0,"nm":"Stroke 1","mn":"ADBE Vector Graphic - Stroke","hd":false},{"ty":"fl","c":{"a":0,"k":[0.101960791794,0.450980422076,0.909803981407,1],"ix":4},"o":{"a":0,"k":100,"ix":5},"r":1,"bm":0,"nm":"Fill 1","mn":"ADBE Vector Graphic - Fill","hd":false},{"ty":"tr","p":{"a":0,"k":[-0.302,-0.275],"ix":2},"a":{"a":0,"k":[3.305,-11.125],"ix":1},"s":{"a":1,"k":[{"i":{"x":[0.487,0.487],"y":[1,1]},"o":{"x":[0.892,0.892],"y":[0,0]},"t":43,"s":[0,0],"e":[110,110]},{"i":{"x":[0.136,0.136],"y":[1,1]},"o":{"x":[0.333,0.333],"y":[0,0]},"t":50,"s":[110,110],"e":[100,100]},{"t":55}],"ix":3},"r":{"a":0,"k":0,"ix":6},"o":{"a":0,"k":100,"ix":7},"sk":{"a":0,"k":0,"ix":4},"sa":{"a":0,"k":0,"ix":5},"nm":"Transform"}],"nm":"Shape 3","np":3,"cix":2,"bm":0,"ix":1,"mn":"ADBE Vector Group","hd":false},{"ty":"gr","it":[{"ind":0,"ty":"sh","ix":1,"ks":{"a":0,"k":{"i":[[0,-3.541],[3.541,0],[0,3.541],[-3.541,0]],"o":[[0,3.541],[-3.541,0],[0,-3.541],[3.541,0]],"v":[[43.933,-11.406],[37.522,-4.995],[31.111,-11.406],[37.522,-17.817]],"c":true},"ix":2},"nm":"Path 1","mn":"ADBE Vector Shape - Group","hd":false},{"ty":"st","c":{"a":0,"k":[0.125490196078,0.129411764706,0.141176470588,1],"ix":3},"o":{"a":0,"k":100,"ix":4},"w":{"a":0,"k":4,"ix":5},"lc":2,"lj":2,"bm":0,"nm":"Stroke 1","mn":"ADBE Vector Graphic - Stroke","hd":false},{"ty":"fl","c":{"a":0,"k":[0.101960791794,0.450980422076,0.909803981407,1],"ix":4},"o":{"a":0,"k":100,"ix":5},"r":1,"bm":0,"nm":"Fill 1","mn":"ADBE Vector Graphic - Fill","hd":false},{"ty":"tr","p":{"a":0,"k":[33.554,-0.012],"ix":2},"a":{"a":0,"k":[37.326,-11.418],"ix":1},"s":{"a":1,"k":[{"i":{"x":[0.307,0.307],"y":[1,1]},"o":{"x":[0.673,0.673],"y":[0,0]},"t":45,"s":[0,0],"e":[110,110]},{"i":{"x":[0.247,0.247],"y":[1,1]},"o":{"x":[0.333,0.333],"y":[0,0]},"t":52,"s":[110,110],"e":[100,100]},{"t":57}],"ix":3},"r":{"a":0,"k":0,"ix":6},"o":{"a":0,"k":100,"ix":7},"sk":{"a":0,"k":0,"ix":4},"sa":{"a":0,"k":0,"ix":5},"nm":"Transform"}],"nm":"Shape 1","np":3,"cix":2,"bm":0,"ix":2,"mn":"ADBE Vector Group","hd":false},{"ty":"gr","it":[{"ind":0,"ty":"sh","ix":1,"ks":{"a":0,"k":{"i":[[0,-2.527],[2.527,0],[0,2.527],[-2.527,0]],"o":[[0,2.527],[-2.527,0],[0,-2.527],[2.527,0]],"v":[[75.598,-11.656],[71.022,-7.081],[66.446,-11.656],[71.022,-16.232]],"c":true},"ix":2},"nm":"Path 1","mn":"ADBE Vector Shape - Group","hd":false},{"ty":"st","c":{"a":0,"k":[0.125490196078,0.129411764706,0.141176470588,1],"ix":3},"o":{"a":0,"k":100,"ix":4},"w":{"a":0,"k":4,"ix":5},"lc":2,"lj":2,"bm":0,"nm":"Stroke 1","mn":"ADBE Vector Graphic - Stroke","hd":false},{"ty":"fl","c":{"a":0,"k":[0.101960791794,0.450980422076,0.909803981407,1],"ix":4},"o":{"a":0,"k":100,"ix":5},"r":1,"bm":0,"nm":"Fill 1","mn":"ADBE Vector Graphic - Fill","hd":false},{"ty":"tr","p":{"a":0,"k":[67.385,-0.3],"ix":2},"a":{"a":0,"k":[71.157,-11.706],"ix":1},"s":{"a":1,"k":[{"i":{"x":[0.327,0.327],"y":[1,1]},"o":{"x":[0.693,0.693],"y":[0,0]},"t":47,"s":[0,0],"e":[110,110]},{"i":{"x":[0.275,0.275],"y":[1,1]},"o":{"x":[0.333,0.333],"y":[0,0]},"t":54,"s":[110,110],"e":[100,100]},{"t":59}],"ix":3},"r":{"a":0,"k":0,"ix":6},"o":{"a":0,"k":100,"ix":7},"sk":{"a":0,"k":0,"ix":4},"sa":{"a":0,"k":0,"ix":5},"nm":"Transform"}],"nm":"Shape 2","np":3,"cix":2,"bm":0,"ix":3,"mn":"ADBE Vector Group","hd":false}],"ip":0,"op":480,"st":0,"bm":0},{"ddd":0,"ind":19,"ty":4,"nm":"message bubble","parent":24,"sr":1,"ks":{"o":{"a":0,"k":100,"ix":11},"r":{"a":0,"k":0,"ix":10},"p":{"s":true,"x":{"a":1,"k":[{"i":{"x":[0.338],"y":[1]},"o":{"x":[0.537],"y":[0]},"t":3,"s":[182.92],"e":[195.42]},{"i":{"x":[0.375],"y":[1]},"o":{"x":[0.514],"y":[0]},"t":11,"s":[195.42],"e":[182.92]},{"i":{"x":[0.428],"y":[1]},"o":{"x":[0.481],"y":[0]},"t":20,"s":[182.92],"e":[193.92]},{"i":{"x":[0.15],"y":[1.013]},"o":{"x":[0.537],"y":[0]},"t":31,"s":[193.92],"e":[182.92]},{"t":39}],"ix":3},"y":{"a":1,"k":[{"i":{"x":[0.833],"y":[1]},"o":{"x":[0.167],"y":[0]},"t":3,"s":[-193.418],"e":[-189.418]},{"i":{"x":[0.781],"y":[-1.958]},"o":{"x":[0.643],"y":[0]},"t":11,"s":[-189.418],"e":[-196.881]},{"i":{"x":[0.467],"y":[1]},"o":{"x":[0.209],"y":[0.35]},"t":14,"s":[-196.881],"e":[-317.418]},{"i":{"x":[0.466],"y":[1]},"o":{"x":[0.524],"y":[0]},"t":20,"s":[-317.418],"e":[-187.418]},{"i":{"x":[0.466],"y":[1]},"o":{"x":[0.167],"y":[0]},"t":31,"s":[-187.418],"e":[-193.418]},{"t":39}],"ix":4}},"a":{"a":0,"k":[-0.33,0.832,0],"ix":1},"s":{"a":0,"k":[100,100,100],"ix":6}},"ao":0,"shapes":[{"ty":"gr","it":[{"ind":0,"ty":"sh","ix":1,"ks":{"a":1,"k":[{"i":{"x":0.2,"y":1},"o":{"x":0.4,"y":0},"t":43,"s":[{"i":[[15.022,0],[0,0],[0,15.022],[0,0],[-15.022,0],[0,0],[0,-15.022],[0,0]],"o":[[0,0],[-15.022,0],[0,0],[0,-15.022],[0,0],[15.022,0],[0,0],[0,15.022]],"v":[[5.743,15.701],[5.301,15.837],[-21.899,-11.362],[-22.149,-11.313],[5.301,-38.562],[5.743,-38.699],[32.944,-11.499],[32.944,-11.312]],"c":true}],"e":[{"i":[[15.022,0],[0,0],[0,15.022],[0,0],[-15.022,0],[0,0],[0,-15.022],[0,0]],"o":[[0,0],[-15.022,0],[0,0],[0,-15.022],[0,0],[15.022,0],[0,0],[0,15.022]],"v":[[66.743,15.794],[-59.199,15.794],[-86.399,-11.406],[-86.399,-11.406],[-59.199,-38.606],[66.743,-38.606],[93.944,-11.406],[93.944,-11.406]],"c":true}]},{"t":54}],"ix":2},"nm":"Path 1","mn":"ADBE Vector Shape - Group","hd":false},{"ty":"st","c":{"a":0,"k":[0.125490196078,0.129411764706,0.141176470588,1],"ix":3},"o":{"a":0,"k":100,"ix":4},"w":{"a":0,"k":4,"ix":5},"lc":2,"lj":2,"bm":0,"nm":"Stroke 1","mn":"ADBE Vector Graphic - Stroke","hd":false},{"ty":"fl","c":{"a":0,"k":[1,1,1,1],"ix":4},"o":{"a":0,"k":100,"ix":5},"r":1,"bm":0,"nm":"Fill 1","mn":"ADBE Vector Graphic - Fill","hd":false},{"ty":"tr","p":{"a":0,"k":[-3.772,11.406],"ix":2},"a":{"a":0,"k":[0,0],"ix":1},"s":{"a":0,"k":[100,100],"ix":3},"r":{"a":0,"k":0,"ix":6},"o":{"a":0,"k":100,"ix":7},"sk":{"a":0,"k":0,"ix":4},"sa":{"a":0,"k":0,"ix":5},"nm":"Transform"}],"nm":"Shape 1","np":3,"cix":2,"bm":0,"ix":1,"mn":"ADBE Vector Group","hd":false}],"ip":0,"op":480,"st":0,"bm":0},{"ddd":0,"ind":20,"ty":4,"nm":"01 shirt 2","parent":24,"sr":1,"ks":{"o":{"a":0,"k":100,"ix":11},"r":{"a":0,"k":0,"ix":10},"p":{"a":0,"k":[20.42,-71.418,0],"ix":2},"a":{"a":0,"k":[-0.33,0.832,0],"ix":1},"s":{"a":0,"k":[100,100,100],"ix":6}},"ao":0,"shapes":[{"ty":"gr","it":[{"ind":0,"ty":"sh","ix":1,"ks":{"a":0,"k":{"i":[[0,0],[0,0],[0,0],[0,0]],"o":[[0,0],[0,0],[0,0],[0,0]],"v":[[-37.049,-37.613],[44.594,-23.434],[44.594,14.8],[-24.165,11.717]],"c":true},"ix":2},"nm":"Path 1","mn":"ADBE Vector Shape - Group","hd":false},{"ty":"st","c":{"a":0,"k":[0.125490196078,0.129411764706,0.141176470588,1],"ix":3},"o":{"a":0,"k":100,"ix":4},"w":{"a":0,"k":4,"ix":5},"lc":2,"lj":2,"bm":0,"nm":"Stroke 1","mn":"ADBE Vector Graphic - Stroke","hd":false},{"ty":"fl","c":{"a":0,"k":[1,1,1,1],"ix":4},"o":{"a":0,"k":100,"ix":5},"r":1,"bm":0,"nm":"Fill 1","mn":"ADBE Vector Graphic - Fill","hd":false},{"ty":"tr","p":{"a":0,"k":[-3.772,11.406],"ix":2},"a":{"a":0,"k":[0,0],"ix":1},"s":{"a":0,"k":[100,100],"ix":3},"r":{"a":0,"k":0,"ix":6},"o":{"a":0,"k":100,"ix":7},"sk":{"a":0,"k":0,"ix":4},"sa":{"a":0,"k":0,"ix":5},"nm":"Transform"}],"nm":"Shape 1","np":3,"cix":2,"bm":0,"ix":1,"mn":"ADBE Vector Group","hd":false}],"ip":0,"op":480,"st":0,"bm":0},{"ddd":0,"ind":21,"ty":4,"nm":"01 hair 3","parent":24,"sr":1,"ks":{"o":{"a":0,"k":100,"ix":11},"r":{"a":0,"k":0,"ix":10},"p":{"a":0,"k":[-20.995,-142.554,0],"ix":2},"a":{"a":0,"k":[47.005,54.446,0],"ix":1},"s":{"a":0,"k":[100,100,100],"ix":6}},"ao":0,"shapes":[{"ty":"gr","it":[{"ind":0,"ty":"sh","ix":1,"ks":{"a":0,"k":{"i":[[0.3,0.49],[8.475,-0.08],[3.408,-5.807],[-0.272,-0.586],[-0.553,-0.161],[0,0],[-0.186,0],[-0.265,0.858],[0,0]],"o":[[-3.204,-5.236],[-9.256,0.085],[-6.698,11.411],[0.243,0.523],[0,0],[0.187,0.055],[0.855,0],[0,0],[0.169,-0.548]],"v":[[71.919,29.114],[53.252,20.877],[32.405,30.575],[32.316,56.482],[33.569,57.558],[59.469,65.122],[60.031,65.203],[61.941,63.791],[72.125,30.747]],"c":true},"ix":2},"nm":"Path 1","mn":"ADBE Vector Shape - Group","hd":false},{"ty":"fl","c":{"a":0,"k":[0.125490196078,0.129411764706,0.141176470588,1],"ix":4},"o":{"a":0,"k":100,"ix":5},"r":1,"bm":0,"nm":"Fill 1","mn":"ADBE Vector Graphic - Fill","hd":false},{"ty":"tr","p":{"a":0,"k":[-3.772,11.406],"ix":2},"a":{"a":0,"k":[0,0],"ix":1},"s":{"a":0,"k":[100,100],"ix":3},"r":{"a":0,"k":0,"ix":6},"o":{"a":0,"k":100,"ix":7},"sk":{"a":0,"k":0,"ix":4},"sa":{"a":0,"k":0,"ix":5},"nm":"Transform"}],"nm":"Shape 1","np":3,"cix":2,"bm":0,"ix":1,"mn":"ADBE Vector Group","hd":false}],"ip":0,"op":480,"st":0,"bm":0},{"ddd":0,"ind":22,"ty":4,"nm":"01 bang","parent":24,"sr":1,"ks":{"o":{"a":0,"k":100,"ix":11},"r":{"a":0,"k":0,"ix":10},"p":{"a":0,"k":[13,-140,0],"ix":2},"a":{"a":0,"k":[80.75,56.75,0],"ix":1},"s":{"a":0,"k":[100,100,100],"ix":6}},"ao":0,"shapes":[{"ty":"gr","it":[{"ind":0,"ty":"sh","ix":1,"ks":{"a":1,"k":[{"i":{"x":0.667,"y":1},"o":{"x":0.573,"y":0.003},"t":8,"s":[{"i":[[0,0],[-0.346,-0.515]],"o":[[8.857,19.096],[0,0]],"v":[[70.927,32.296],[77.367,63.392]],"c":false}],"e":[{"i":[[0,0],[-0.346,-0.515]],"o":[[18.595,3.798],[0,0]],"v":[[70.927,32.296],[99.367,51.642]],"c":false}]},{"i":{"x":0.427,"y":0.997},"o":{"x":0.333,"y":0},"t":15,"s":[{"i":[[0,0],[-0.346,-0.515]],"o":[[18.595,3.798],[0,0]],"v":[[70.927,32.296],[99.367,51.642]],"c":false}],"e":[{"i":[[0,0],[-0.346,-0.515]],"o":[[8.857,19.096],[0,0]],"v":[[70.927,32.296],[98.117,58.392]],"c":false}]},{"t":27}],"ix":2},"nm":"Path 1","mn":"ADBE Vector Shape - Group","hd":false},{"ty":"st","c":{"a":0,"k":[0.125490196078,0.129411764706,0.141176470588,1],"ix":3},"o":{"a":0,"k":100,"ix":4},"w":{"a":0,"k":4,"ix":5},"lc":2,"lj":2,"bm":0,"nm":"Stroke 1","mn":"ADBE Vector Graphic - Stroke","hd":false},{"ty":"tr","p":{"a":0,"k":[-3.772,11.406],"ix":2},"a":{"a":0,"k":[0,0],"ix":1},"s":{"a":0,"k":[100,100],"ix":3},"r":{"a":0,"k":0,"ix":6},"o":{"a":0,"k":100,"ix":7},"sk":{"a":0,"k":0,"ix":4},"sa":{"a":0,"k":0,"ix":5},"nm":"Transform"}],"nm":"Shape 1","np":3,"cix":2,"bm":0,"ix":1,"mn":"ADBE Vector Group","hd":false}],"ip":0,"op":480,"st":0,"bm":0},{"ddd":0,"ind":23,"ty":4,"nm":"01 hair","parent":24,"sr":1,"ks":{"o":{"a":0,"k":100,"ix":11},"r":{"a":1,"k":[{"i":{"x":[0.667],"y":[1]},"o":{"x":[0.594],"y":[0]},"t":3,"s":[0],"e":[-7]},{"i":{"x":[0.375],"y":[1]},"o":{"x":[0.333],"y":[0]},"t":15,"s":[-7],"e":[0]},{"t":27}],"ix":10},"p":{"a":0,"k":[-31,-153.5,0],"ix":2},"a":{"a":0,"k":[37,43.5,0],"ix":1},"s":{"a":0,"k":[100,100,100],"ix":6}},"ao":0,"shapes":[{"ty":"gr","it":[{"ind":0,"ty":"sh","ix":1,"ks":{"a":1,"k":[{"i":{"x":0.667,"y":1},"o":{"x":0.333,"y":0},"t":3,"s":[{"i":[[0.358,0.816],[4.532,5.458],[-8.742,38.089],[0.343,0.468],[0.579,0.048],[0.895,-0.537],[-0.032,-0.733],[-20.308,-6.815],[-4.333,-6.172],[-0.554,-0.074],[-0.088,0],[-0.361,0.301],[0,0]],"o":[[-4.194,-9.561],[-10.204,-12.287],[0.13,-0.565],[-0.343,-0.468],[-30.192,-2.489],[-0.63,0.377],[2.147,49.159],[9.391,3.151],[0.321,0.457],[0.088,0.012],[0.465,0],[0,0],[0.686,-0.57]],"v":[[38.797,39.257],[24.933,18.052],[16.098,-41.201],[15.763,-42.829],[14.312,-43.642],[-38.153,-33.023],[-39.123,-31.22],[8.606,33.236],[30.439,45.281],[31.812,46.114],[32.076,46.131],[33.355,45.668],[38.245,41.598]],"c":true}],"e":[{"i":[[0.358,0.816],[2.912,6.469],[0.815,30.852],[0.343,0.468],[0.579,0.048],[0.895,-0.537],[-0.211,-0.703],[-20.308,-6.815],[-4.333,-6.172],[-0.554,-0.074],[-0.088,0],[-0.361,0.301],[0,0]],"o":[[-4.194,-9.561],[-7.062,-15.69],[-0.015,-0.58],[-0.343,-0.468],[-30.192,-2.489],[-0.63,0.377],[10.484,34.924],[9.391,3.151],[0.321,0.457],[0.088,0.012],[0.465,0],[0,0],[0.686,-0.57]],"v":[[38.797,39.257],[24.933,18.052],[16.098,-41.201],[15.763,-42.829],[14.313,-43.642],[-38.153,-33.023],[-39.123,-31.22],[9.103,33.297],[30.439,45.281],[31.812,46.114],[32.076,46.131],[33.355,45.668],[38.245,41.598]],"c":true}]},{"i":{"x":0.667,"y":1},"o":{"x":0.333,"y":0},"t":15,"s":[{"i":[[0.358,0.816],[2.912,6.469],[0.815,30.852],[0.343,0.468],[0.579,0.048],[0.895,-0.537],[-0.211,-0.703],[-20.308,-6.815],[-4.333,-6.172],[-0.554,-0.074],[-0.088,0],[-0.361,0.301],[0,0]],"o":[[-4.194,-9.561],[-7.062,-15.69],[-0.015,-0.58],[-0.343,-0.468],[-30.192,-2.489],[-0.63,0.377],[10.484,34.924],[9.391,3.151],[0.321,0.457],[0.088,0.012],[0.465,0],[0,0],[0.686,-0.57]],"v":[[38.797,39.257],[24.933,18.052],[16.098,-41.201],[15.763,-42.829],[14.313,-43.642],[-38.153,-33.023],[-39.123,-31.22],[9.103,33.297],[30.439,45.281],[31.812,46.114],[32.076,46.131],[33.355,45.668],[38.245,41.598]],"c":true}],"e":[{"i":[[0.358,0.816],[4.532,5.458],[-8.742,38.089],[0.343,0.468],[0.579,0.048],[0.895,-0.537],[-0.032,-0.733],[-20.308,-6.815],[-4.333,-6.172],[-0.554,-0.074],[-0.088,0],[-0.361,0.301],[0,0]],"o":[[-4.194,-9.561],[-10.204,-12.287],[0.13,-0.565],[-0.343,-0.468],[-30.192,-2.489],[-0.63,0.377],[2.147,49.159],[9.391,3.151],[0.321,0.457],[0.088,0.012],[0.465,0],[0,0],[0.686,-0.57]],"v":[[38.797,39.257],[24.933,18.052],[16.098,-41.201],[15.763,-42.829],[14.312,-43.642],[-38.153,-33.023],[-39.123,-31.22],[8.606,33.236],[30.439,45.281],[31.812,46.114],[32.076,46.131],[33.355,45.668],[38.245,41.598]],"c":true}]},{"t":27}],"ix":2},"nm":"Path 1","mn":"ADBE Vector Shape - Group","hd":false},{"ty":"fl","c":{"a":0,"k":[0.125490196078,0.129411764706,0.141176470588,1],"ix":4},"o":{"a":0,"k":100,"ix":5},"r":1,"bm":0,"nm":"Fill 1","mn":"ADBE Vector Graphic - Fill","hd":false},{"ty":"tr","p":{"a":0,"k":[0,0],"ix":2},"a":{"a":0,"k":[0,0],"ix":1},"s":{"a":0,"k":[100,100],"ix":3},"r":{"a":0,"k":0,"ix":6},"o":{"a":0,"k":100,"ix":7},"sk":{"a":0,"k":0,"ix":4},"sa":{"a":0,"k":0,"ix":5},"nm":"Transform"}],"nm":"Shape 1","np":3,"cix":2,"bm":0,"ix":1,"mn":"ADBE Vector Group","hd":false}],"ip":0,"op":480,"st":0,"bm":0},{"ddd":0,"ind":24,"ty":3,"nm":"Girl","sr":1,"ks":{"o":{"a":0,"k":0,"ix":11},"r":{"a":0,"k":0,"ix":10},"p":{"s":true,"x":{"a":0,"k":189,"ix":3},"y":{"a":1,"k":[{"i":{"x":[0.64],"y":[1]},"o":{"x":[0.659],"y":[0]},"t":3,"s":[574],"e":[558]},{"i":{"x":[0.286],"y":[1]},"o":{"x":[0.37],"y":[0]},"t":15,"s":[558],"e":[574]},{"t":27}],"ix":4}},"a":{"a":0,"k":[0,0,0],"ix":1},"s":{"a":0,"k":[100,100,100],"ix":6}},"ao":0,"ip":0,"op":480,"st":0,"bm":0},{"ddd":0,"ind":25,"ty":4,"nm":"02 hair","parent":35,"sr":1,"ks":{"o":{"a":0,"k":100,"ix":11},"r":{"a":0,"k":0,"ix":10},"p":{"a":0,"k":[-16.5,-154.25,0],"ix":2},"a":{"a":0,"k":[0,0,0],"ix":1},"s":{"a":0,"k":[100,100,100],"ix":6}},"ao":0,"shapes":[{"ty":"gr","it":[{"ind":0,"ty":"sh","ix":1,"ks":{"a":0,"k":{"i":[[10.646,4.394],[8.304,-13.005],[-0.352,-0.641],[-0.73,0],[0,0],[-0.986,-1.474],[-0.979,0],[-1.734,2.443],[-2.977,0],[-0.104,-0.324],[6.597,-4.776],[0.071,-0.544],[-0.346,-0.427],[0,0],[-0.6,0],[-0.063,0.006],[-0.316,0.59],[-2.49,8.358],[-0.011,0.049]],"o":[[-12.159,-5.018],[-0.394,0.615],[0.351,0.641],[0,0],[-4.298,11.035],[0.54,0.81],[2.595,0],[1.895,-2.667],[1.476,0],[0.783,2.417],[-0.445,0.322],[-0.072,0.544],[0,0],[0.382,0.471],[0.062,0],[0.667,-0.063],[3.521,-6.564],[0.014,-0.048],[2.337,-10.73]],"v":[[15.182,-33.824],[-22.824,-23.259],[-22.893,-21.222],[-21.139,-20.183],[0.667,-20.183],[-2.463,-3.572],[-0.073,-2.299],[5.894,-7.049],[12.723,-12.474],[14.521,-11.477],[6.192,1.854],[5.383,3.211],[5.812,4.733],[14.367,15.289],[15.921,16.029],[16.109,16.021],[17.684,14.975],[28.415,-9.526],[28.452,-9.671]],"c":true},"ix":2},"nm":"Path 1","mn":"ADBE Vector Shape - Group","hd":false},{"ty":"fl","c":{"a":0,"k":[0.125490196078,0.129411764706,0.141176470588,1],"ix":4},"o":{"a":0,"k":100,"ix":5},"r":1,"bm":0,"nm":"Fill 1","mn":"ADBE Vector Graphic - Fill","hd":false},{"ty":"tr","p":{"a":0,"k":[-3.772,11.406],"ix":2},"a":{"a":0,"k":[0,0],"ix":1},"s":{"a":0,"k":[100,100],"ix":3},"r":{"a":0,"k":0,"ix":6},"o":{"a":0,"k":100,"ix":7},"sk":{"a":0,"k":0,"ix":4},"sa":{"a":0,"k":0,"ix":5},"nm":"Transform"}],"nm":"Shape 1","np":3,"cix":2,"bm":0,"ix":1,"mn":"ADBE Vector Group","hd":false}],"ip":0,"op":480,"st":0,"bm":0},{"ddd":0,"ind":26,"ty":4,"nm":"02 head","parent":35,"sr":1,"ks":{"o":{"a":0,"k":100,"ix":11},"r":{"a":0,"k":0,"ix":10},"p":{"a":0,"k":[-11.75,-115.25,0],"ix":2},"a":{"a":0,"k":[0,0,0],"ix":1},"s":{"a":0,"k":[100,100,100],"ix":6}},"ao":0,"shapes":[{"ty":"gr","it":[{"ind":0,"ty":"sh","ix":1,"ks":{"a":0,"k":{"i":[[0,0],[0,0]],"o":[[7.413,-2.897],[0,0]],"v":[[-13.271,-7.966],[-1.685,-18.847]],"c":false},"ix":2},"nm":"Path 1","mn":"ADBE Vector Shape - Group","hd":false},{"ty":"st","c":{"a":0,"k":[0.125490196078,0.129411764706,0.141176470588,1],"ix":3},"o":{"a":0,"k":100,"ix":4},"w":{"a":0,"k":4,"ix":5},"lc":2,"lj":2,"bm":0,"nm":"Stroke 1","mn":"ADBE Vector Graphic - Stroke","hd":false},{"ty":"tr","p":{"a":0,"k":[-3.772,11.406],"ix":2},"a":{"a":0,"k":[0,0],"ix":1},"s":{"a":0,"k":[100,100],"ix":3},"r":{"a":0,"k":0,"ix":6},"o":{"a":0,"k":100,"ix":7},"sk":{"a":0,"k":0,"ix":4},"sa":{"a":0,"k":0,"ix":5},"nm":"Transform"}],"nm":"Shape 2","np":3,"cix":2,"bm":0,"ix":1,"mn":"ADBE Vector Group","hd":false},{"ty":"gr","it":[{"ind":0,"ty":"sh","ix":1,"ks":{"a":0,"k":{"i":[[10.341,-3.313],[0,0],[-1.946,3.628],[0,0],[6.938,0],[3.7,0],[0,0],[0,0],[0.663,-3.791],[0,-16.183],[0,0],[0,0],[0,0],[-32.067,0],[0,0]],"o":[[0,0],[0,0],[0,0],[9.773,-7.076],[-6.938,0],[-3.7,0],[0,0],[-1.766,2.765],[0,0],[0,16.183],[0,0],[-18.546,6.79],[0,0],[32.067,0],[-9.45,2.217]],"v":[[19.941,-1.405],[8.061,-19.013],[11.396,-24.982],[2.84,-35.537],[8.198,-53.485],[-4.599,-43.31],[-0.898,-61.193],[-25.664,-61.193],[-29.396,-51.379],[-34.81,-14.754],[-13.233,-8.508],[-10.315,9.029],[-42.608,21.496],[-2.433,38.381],[50.154,-9.969]],"c":true},"ix":2},"nm":"Path 1","mn":"ADBE Vector Shape - Group","hd":false},{"ty":"st","c":{"a":0,"k":[0.125490196078,0.129411764706,0.141176470588,1],"ix":3},"o":{"a":0,"k":100,"ix":4},"w":{"a":0,"k":4,"ix":5},"lc":2,"lj":2,"bm":0,"nm":"Stroke 1","mn":"ADBE Vector Graphic - Stroke","hd":false},{"ty":"fl","c":{"a":0,"k":[0.4,0.109803921569,0.105882352941,1],"ix":4},"o":{"a":0,"k":100,"ix":5},"r":1,"bm":0,"nm":"Fill 1","mn":"ADBE Vector Graphic - Fill","hd":false},{"ty":"tr","p":{"a":0,"k":[-3.772,11.406],"ix":2},"a":{"a":0,"k":[0,0],"ix":1},"s":{"a":0,"k":[100,100],"ix":3},"r":{"a":0,"k":0,"ix":6},"o":{"a":0,"k":100,"ix":7},"sk":{"a":0,"k":0,"ix":4},"sa":{"a":0,"k":0,"ix":5},"nm":"Transform"}],"nm":"Shape 1","np":3,"cix":2,"bm":0,"ix":2,"mn":"ADBE Vector Group","hd":false}],"ip":0,"op":480,"st":0,"bm":0},{"ddd":0,"ind":27,"ty":4,"nm":"02 hand 2","parent":35,"sr":1,"ks":{"o":{"a":0,"k":100,"ix":11},"r":{"a":0,"k":0,"ix":10},"p":{"a":0,"k":[126.25,104,0],"ix":2},"a":{"a":0,"k":[0,0,0],"ix":1},"s":{"a":0,"k":[100,100,100],"ix":6}},"ao":0,"shapes":[{"ty":"gr","it":[{"ind":0,"ty":"sh","ix":1,"ks":{"a":0,"k":{"i":[[0,0],[0,0]],"o":[[0,0],[0,0]],"v":[[-53.183,-29.656],[-4.772,-29.656]],"c":false},"ix":2},"nm":"Path 1","mn":"ADBE Vector Shape - Group","hd":false},{"ty":"st","c":{"a":0,"k":[0.125490196078,0.129411764706,0.141176470588,1],"ix":3},"o":{"a":0,"k":100,"ix":4},"w":{"a":0,"k":4,"ix":5},"lc":2,"lj":2,"bm":0,"nm":"Stroke 1","mn":"ADBE Vector Graphic - Stroke","hd":false},{"ty":"tr","p":{"a":0,"k":[-3.772,11.406],"ix":2},"a":{"a":0,"k":[0,0],"ix":1},"s":{"a":0,"k":[100,100],"ix":3},"r":{"a":0,"k":0,"ix":6},"o":{"a":0,"k":100,"ix":7},"sk":{"a":0,"k":0,"ix":4},"sa":{"a":0,"k":0,"ix":5},"nm":"Transform"}],"nm":"Shape 2","np":3,"cix":2,"bm":0,"ix":1,"mn":"ADBE Vector Group","hd":false},{"ty":"gr","it":[{"ind":0,"ty":"sh","ix":1,"ks":{"a":1,"k":[{"i":{"x":0.468,"y":1},"o":{"x":0.756,"y":0},"t":3,"s":[{"i":[[0,0],[0,0],[-12.025,0],[0,0],[4.784,18.051],[0,0]],"o":[[0,0],[0,0],[0,0],[-2.467,-9.794],[0,0],[0,0]],"v":[[-28.872,-29.488],[-21.397,-8.206],[-7.06,6.675],[36.417,6.675],[-2.588,-14.99],[-4.747,-29.488]],"c":true}],"e":[{"i":[[0,0],[0,0],[-12.025,0],[0,0],[4.784,18.051],[0,0]],"o":[[0,0],[0,0],[0,0],[-2.467,-9.794],[0,0],[0,0]],"v":[[-28.872,-29.488],[-21.397,-8.206],[-7.06,6.675],[35.167,13.925],[-2.588,-14.99],[-4.747,-29.488]],"c":true}]},{"i":{"x":0.492,"y":1},"o":{"x":0.542,"y":0},"t":15,"s":[{"i":[[0,0],[0,0],[-12.025,0],[0,0],[4.784,18.051],[0,0]],"o":[[0,0],[0,0],[0,0],[-2.467,-9.794],[0,0],[0,0]],"v":[[-28.872,-29.488],[-21.397,-8.206],[-7.06,6.675],[35.167,13.925],[-2.588,-14.99],[-4.747,-29.488]],"c":true}],"e":[{"i":[[0,0],[0,0],[-12.025,0],[0,0],[4.784,18.051],[0,0]],"o":[[0,0],[0,0],[0,0],[-2.467,-9.794],[0,0],[0,0]],"v":[[-28.872,-29.488],[-21.397,-8.206],[-7.06,6.675],[36.417,6.675],[-2.588,-14.99],[-4.747,-29.488]],"c":true}]},{"t":27}],"ix":2},"nm":"Path 1","mn":"ADBE Vector Shape - Group","hd":false},{"ty":"st","c":{"a":0,"k":[0.125490196078,0.129411764706,0.141176470588,1],"ix":3},"o":{"a":0,"k":100,"ix":4},"w":{"a":0,"k":4,"ix":5},"lc":2,"lj":2,"bm":0,"nm":"Stroke 1","mn":"ADBE Vector Graphic - Stroke","hd":false},{"ty":"fl","c":{"a":0,"k":[0.4,0.109803921569,0.105882352941,1],"ix":4},"o":{"a":0,"k":100,"ix":5},"r":1,"bm":0,"nm":"Fill 1","mn":"ADBE Vector Graphic - Fill","hd":false},{"ty":"tr","p":{"a":0,"k":[-3.772,11.406],"ix":2},"a":{"a":0,"k":[0,0],"ix":1},"s":{"a":0,"k":[100,100],"ix":3},"r":{"a":0,"k":0,"ix":6},"o":{"a":0,"k":100,"ix":7},"sk":{"a":0,"k":0,"ix":4},"sa":{"a":0,"k":0,"ix":5},"nm":"Transform"}],"nm":"Shape 1","np":3,"cix":2,"bm":0,"ix":2,"mn":"ADBE Vector Group","hd":false}],"ip":0,"op":480,"st":0,"bm":0},{"ddd":0,"ind":28,"ty":4,"nm":"02 hand 1","parent":35,"sr":1,"ks":{"o":{"a":0,"k":100,"ix":11},"r":{"a":0,"k":0,"ix":10},"p":{"a":0,"k":[-212.25,-85.5,0],"ix":2},"a":{"a":0,"k":[0,0,0],"ix":1},"s":{"a":0,"k":[100,100,100],"ix":6}},"ao":0,"shapes":[{"ty":"gr","it":[{"ind":0,"ty":"sh","ix":1,"ks":{"a":0,"k":{"i":[[0,0],[0,0],[0,0],[-0.694,-4.625],[0,0],[0,0],[-1.156,-6.648],[0,0],[0,0],[-0.925,-4.856],[0,0],[0,0],[-8.325,-1.387],[0,0]],"o":[[0,0],[-1.619,-3.584],[-1.387,-5.55],[0.694,4.625],[0,0],[-1.619,-4.625],[1.105,6.355],[0,0],[-1.156,-4.249],[0.925,4.856],[0,0],[0,0],[0,0],[0,0]],"v":[[37.045,5.843],[6.112,-11.813],[-1.057,-36.231],[-4.786,-36.32],[-0.709,-13.915],[-8.457,-37.503],[-12.446,-39.006],[-8.11,-15.051],[-17.013,-36.924],[-20.135,-37.04],[-15.394,-11.813],[-29.5,-11.813],[-15.394,-6.283],[21.285,22.842]],"c":true},"ix":2},"nm":"Path 1","mn":"ADBE Vector Shape - Group","hd":false},{"ty":"st","c":{"a":0,"k":[0.125490196078,0.129411764706,0.141176470588,1],"ix":3},"o":{"a":0,"k":100,"ix":4},"w":{"a":0,"k":4,"ix":5},"lc":2,"lj":2,"bm":0,"nm":"Stroke 1","mn":"ADBE Vector Graphic - Stroke","hd":false},{"ty":"fl","c":{"a":0,"k":[0.4,0.109803921569,0.105882352941,1],"ix":4},"o":{"a":0,"k":100,"ix":5},"r":1,"bm":0,"nm":"Fill 1","mn":"ADBE Vector Graphic - Fill","hd":false},{"ty":"tr","p":{"a":0,"k":[-3.772,11.406],"ix":2},"a":{"a":0,"k":[0,0],"ix":1},"s":{"a":0,"k":[100,100],"ix":3},"r":{"a":0,"k":0,"ix":6},"o":{"a":0,"k":100,"ix":7},"sk":{"a":0,"k":0,"ix":4},"sa":{"a":0,"k":0,"ix":5},"nm":"Transform"}],"nm":"Shape 1","np":3,"cix":2,"bm":0,"ix":1,"mn":"ADBE Vector Group","hd":false}],"ip":0,"op":480,"st":0,"bm":0},{"ddd":0,"ind":29,"ty":4,"nm":"02 foot","parent":35,"sr":1,"ks":{"o":{"a":0,"k":100,"ix":11},"r":{"a":0,"k":0,"ix":10},"p":{"a":0,"k":[-63,337.525,0],"ix":2},"a":{"a":0,"k":[-56,64.275,0],"ix":1},"s":{"a":0,"k":[100,100,100],"ix":6}},"ao":0,"shapes":[{"ty":"gr","it":[{"ind":0,"ty":"sh","ix":1,"ks":{"a":1,"k":[{"i":{"x":0.492,"y":1},"o":{"x":0.449,"y":0},"t":3,"s":[{"i":[[-14.26,6.716],[-4.317,-12.025],[0,0],[0,0],[0,0],[0,0]],"o":[[0,0],[0,0],[0,0],[0,-10.516],[0,0],[13.258,-4.529]],"v":[[-27.04,27.627],[-13.228,44.094],[-51.398,78.11],[-91.228,78.11],[-67.625,66.478],[-58.447,31.607]],"c":true}],"e":[{"i":[[-14.26,6.716],[-4.317,-12.025],[0,0],[0,0],[0,0],[0,0]],"o":[[0,0],[0,0],[0,0],[0,-10.516],[0,0],[13.258,-4.529]],"v":[[-27.04,27.627],[-13.228,44.094],[-57.398,67.11],[-91.228,86.61],[-76.625,58.978],[-58.447,31.607]],"c":true}]},{"i":{"x":0.536,"y":1},"o":{"x":0.479,"y":0},"t":15,"s":[{"i":[[-14.26,6.716],[-4.317,-12.025],[0,0],[0,0],[0,0],[0,0]],"o":[[0,0],[0,0],[0,0],[0,-10.516],[0,0],[13.258,-4.529]],"v":[[-27.04,27.627],[-13.228,44.094],[-57.398,67.11],[-91.228,86.61],[-76.625,58.978],[-58.447,31.607]],"c":true}],"e":[{"i":[[-14.26,6.716],[-4.317,-12.025],[0,0],[0,0],[0,0],[0,0]],"o":[[0,0],[0,0],[0,0],[0,-10.516],[0,0],[13.258,-4.529]],"v":[[-27.04,27.627],[-13.228,44.094],[-51.398,78.11],[-91.228,78.11],[-67.625,66.478],[-58.447,31.607]],"c":true}]},{"t":27}],"ix":2},"nm":"Path 1","mn":"ADBE Vector Shape - Group","hd":false},{"ty":"st","c":{"a":0,"k":[0.125490196078,0.129411764706,0.141176470588,1],"ix":3},"o":{"a":0,"k":100,"ix":4},"w":{"a":0,"k":4,"ix":5},"lc":2,"lj":2,"bm":0,"nm":"Stroke 1","mn":"ADBE Vector Graphic - Stroke","hd":false},{"ty":"fl","c":{"a":0,"k":[1,1,1,1],"ix":4},"o":{"a":0,"k":100,"ix":5},"r":1,"bm":0,"nm":"Fill 1","mn":"ADBE Vector Graphic - Fill","hd":false},{"ty":"tr","p":{"a":0,"k":[-3.772,11.406],"ix":2},"a":{"a":0,"k":[0,0],"ix":1},"s":{"a":0,"k":[100,100],"ix":3},"r":{"a":0,"k":0,"ix":6},"o":{"a":0,"k":100,"ix":7},"sk":{"a":0,"k":0,"ix":4},"sa":{"a":0,"k":0,"ix":5},"nm":"Transform"}],"nm":"Shape 1","np":3,"cix":2,"bm":0,"ix":1,"mn":"ADBE Vector Group","hd":false}],"ip":0,"op":480,"st":0,"bm":0},{"ddd":0,"ind":30,"ty":4,"nm":"02 foot 2","parent":35,"sr":1,"ks":{"o":{"a":0,"k":100,"ix":11},"r":{"a":0,"k":0,"ix":10},"p":{"a":0,"k":[-52.5,313.75,0],"ix":2},"a":{"a":0,"k":[0,0,0],"ix":1},"s":{"a":0,"k":[100,100,100],"ix":6}},"ao":0,"shapes":[{"ty":"gr","it":[{"ind":0,"ty":"sh","ix":1,"ks":{"a":0,"k":{"i":[[0,0],[0,0],[0,0],[0,0]],"o":[[0,0],[0,0],[0,0],[0,0]],"v":[[18.033,-11.56],[15.566,-20.502],[-10.488,-20.502],[-8.176,-2.31]],"c":true},"ix":2},"nm":"Path 1","mn":"ADBE Vector Shape - Group","hd":false},{"ty":"st","c":{"a":0,"k":[0.125490196078,0.129411764706,0.141176470588,1],"ix":3},"o":{"a":0,"k":100,"ix":4},"w":{"a":0,"k":4,"ix":5},"lc":2,"lj":2,"bm":0,"nm":"Stroke 1","mn":"ADBE Vector Graphic - Stroke","hd":false},{"ty":"fl","c":{"a":0,"k":[0.4,0.109803921569,0.105882352941,1],"ix":4},"o":{"a":0,"k":100,"ix":5},"r":1,"bm":0,"nm":"Fill 1","mn":"ADBE Vector Graphic - Fill","hd":false},{"ty":"tr","p":{"a":0,"k":[-3.772,11.406],"ix":2},"a":{"a":0,"k":[0,0],"ix":1},"s":{"a":0,"k":[100,100],"ix":3},"r":{"a":0,"k":0,"ix":6},"o":{"a":0,"k":100,"ix":7},"sk":{"a":0,"k":0,"ix":4},"sa":{"a":0,"k":0,"ix":5},"nm":"Transform"}],"nm":"Shape 1","np":3,"cix":2,"bm":0,"ix":1,"mn":"ADBE Vector Group","hd":false}],"ip":0,"op":480,"st":0,"bm":0},{"ddd":0,"ind":31,"ty":4,"nm":"02 leg","parent":35,"sr":1,"ks":{"o":{"a":0,"k":100,"ix":11},"r":{"a":0,"k":0,"ix":10},"p":{"a":0,"k":[-51.58,173.082,0],"ix":2},"a":{"a":0,"k":[-0.33,0.832,0],"ix":1},"s":{"a":0,"k":[100,100,100],"ix":6}},"ao":0,"shapes":[{"ty":"gr","it":[{"ind":0,"ty":"sh","ix":1,"ks":{"a":0,"k":{"i":[[0,0],[-24.628,20.35],[0,0],[78.935,0],[0,0],[0,0]],"o":[[0,0],[24.628,-20.35],[0,0],[0,0],[0,0],[0,0]],"v":[[-43.028,120.254],[-110.621,-113.158],[127.994,-143.067],[63.86,-61.738],[-15.075,-61.738],[13.909,120.254]],"c":true},"ix":2},"nm":"Path 1","mn":"ADBE Vector Shape - Group","hd":false},{"ty":"st","c":{"a":0,"k":[0.125490196078,0.129411764706,0.141176470588,1],"ix":3},"o":{"a":0,"k":100,"ix":4},"w":{"a":0,"k":4,"ix":5},"lc":2,"lj":2,"bm":0,"nm":"Stroke 1","mn":"ADBE Vector Graphic - Stroke","hd":false},{"ty":"fl","c":{"a":0,"k":[1,1,1,1],"ix":4},"o":{"a":0,"k":100,"ix":5},"r":1,"bm":0,"nm":"Fill 1","mn":"ADBE Vector Graphic - Fill","hd":false},{"ty":"tr","p":{"a":0,"k":[-3.772,11.406],"ix":2},"a":{"a":0,"k":[0,0],"ix":1},"s":{"a":0,"k":[100,100],"ix":3},"r":{"a":0,"k":0,"ix":6},"o":{"a":0,"k":100,"ix":7},"sk":{"a":0,"k":0,"ix":4},"sa":{"a":0,"k":0,"ix":5},"nm":"Transform"}],"nm":"Shape 1","np":3,"cix":2,"bm":0,"ix":1,"mn":"ADBE Vector Group","hd":false}],"ip":0,"op":480,"st":0,"bm":0},{"ddd":0,"ind":32,"ty":4,"nm":"02 shirt","parent":35,"sr":1,"ks":{"o":{"a":0,"k":100,"ix":11},"r":{"a":0,"k":0,"ix":10},"p":{"a":0,"k":[-49.5,-16.5,0],"ix":2},"a":{"a":0,"k":[0,0,0],"ix":1},"s":{"a":0,"k":[100,100,100],"ix":6}},"ao":0,"shapes":[{"ty":"gr","it":[{"ind":0,"ty":"sh","ix":1,"ks":{"a":0,"k":{"i":[[0.104,0.585],[0.517,0.294],[0,0],[0.64,-0.585],[0,0],[0.025,-0.026],[-1.237,-6.045],[-1.305,-0.537],[-0.71,0],[-6.85,8.104]],"o":[[-0.104,-0.585],[0,0],[-0.757,-0.432],[0,0],[-0.027,0.025],[-3.922,3.993],[0.276,1.352],[0.595,0.245],[10.432,0],[0.384,-0.454]],"v":[[22.634,-13.741],[21.655,-15.13],[12.104,-20.582],[9.764,-20.322],[-6.04,-5.888],[-6.118,-5.813],[-21.5,17.724],[-19.048,20.653],[-17.088,21.013],[22.191,-12.102]],"c":true},"ix":2},"nm":"Path 1","mn":"ADBE Vector Shape - Group","hd":false},{"ty":"fl","c":{"a":0,"k":[0.125490196078,0.129411764706,0.141176470588,1],"ix":4},"o":{"a":0,"k":100,"ix":5},"r":1,"bm":0,"nm":"Fill 1","mn":"ADBE Vector Graphic - Fill","hd":false},{"ty":"tr","p":{"a":0,"k":[-148.853,-38.035],"ix":2},"a":{"a":0,"k":[0,0],"ix":1},"s":{"a":0,"k":[100,100],"ix":3},"r":{"a":0,"k":0,"ix":6},"o":{"a":0,"k":100,"ix":7},"sk":{"a":0,"k":0,"ix":4},"sa":{"a":0,"k":0,"ix":5},"nm":"Transform"}],"nm":"Shape 4","np":3,"cix":2,"bm":0,"ix":1,"mn":"ADBE Vector Group","hd":false},{"ty":"gr","it":[{"ind":0,"ty":"sh","ix":1,"ks":{"a":0,"k":{"i":[[0,0],[-13.02,0.965],[0,0],[0,0]],"o":[[16.547,8.669],[25.284,-1.874],[0,0],[0,0]],"v":[[-139.652,-2.843],[-89.87,13.563],[-16.486,-10.511],[2.652,-18.528]],"c":false},"ix":2},"nm":"Path 1","mn":"ADBE Vector Shape - Group","hd":false},{"ty":"st","c":{"a":0,"k":[0.125490196078,0.129411764706,0.141176470588,1],"ix":3},"o":{"a":0,"k":100,"ix":4},"w":{"a":0,"k":4,"ix":5},"lc":2,"lj":2,"bm":0,"nm":"Stroke 1","mn":"ADBE Vector Graphic - Stroke","hd":false},{"ty":"tr","p":{"a":0,"k":[0,0],"ix":2},"a":{"a":0,"k":[0,0],"ix":1},"s":{"a":0,"k":[100,100],"ix":3},"r":{"a":0,"k":0,"ix":6},"o":{"a":0,"k":100,"ix":7},"sk":{"a":0,"k":0,"ix":4},"sa":{"a":0,"k":0,"ix":5},"nm":"Transform"}],"nm":"Shape 3","np":3,"cix":2,"bm":0,"ix":2,"mn":"ADBE Vector Group","hd":false},{"ty":"gr","it":[{"ind":0,"ty":"sh","ix":1,"ks":{"a":0,"k":{"i":[[0,0],[0,0]],"o":[[0,0],[0,0]],"v":[[122.942,55.726],[105.058,-49.726]],"c":false},"ix":2},"nm":"Path 1","mn":"ADBE Vector Shape - Group","hd":false},{"ty":"st","c":{"a":0,"k":[0.125490196078,0.129411764706,0.141176470588,1],"ix":3},"o":{"a":0,"k":100,"ix":4},"w":{"a":0,"k":4,"ix":5},"lc":2,"lj":2,"bm":0,"nm":"Stroke 1","mn":"ADBE Vector Graphic - Stroke","hd":false},{"ty":"tr","p":{"a":0,"k":[0,0],"ix":2},"a":{"a":0,"k":[0,0],"ix":1},"s":{"a":0,"k":[100,100],"ix":3},"r":{"a":0,"k":0,"ix":6},"o":{"a":0,"k":100,"ix":7},"sk":{"a":0,"k":0,"ix":4},"sa":{"a":0,"k":0,"ix":5},"nm":"Transform"}],"nm":"Shape 2","np":3,"cix":2,"bm":0,"ix":3,"mn":"ADBE Vector Group","hd":false},{"ty":"gr","it":[{"ind":0,"ty":"sh","ix":1,"ks":{"a":0,"k":{"i":[[7.858,50.44],[20.155,0],[13.799,-6.112],[0,0],[0.606,-0.552],[0,0],[-0.048,-0.616],[-0.516,-0.34],[-26.27,0.003],[-0.706,0.052],[-10.281,4.603],[0,0],[-1.008,0],[0,0],[-0.377,0.394],[0.023,0.545]],"o":[[-10.701,-68.689],[-44.498,0],[0,0],[-0.737,-0.359],[0,0],[-0.458,0.415],[0.048,0.616],[2.104,1.388],[0.744,0],[22.348,-1.656],[0,0],[0.126,1],[0,0],[0.545,0],[0.377,-0.395],[-0.021,-0.511]],"v":[[159.591,-0.308],[113.088,-103.826],[-89.367,-34.347],[-130.154,-54.289],[-132.377,-53.973],[-169.069,-20.672],[-169.72,-19.037],[-168.827,-17.521],[-92.058,15.589],[-89.877,15.511],[-18.284,-7.617],[-4.44,102.076],[-2.456,103.826],[167.746,103.826],[169.19,103.209],[169.744,101.74]],"c":true},"ix":2},"nm":"Path 1","mn":"ADBE Vector Shape - Group","hd":false},{"ty":"fl","c":{"a":0,"k":[0.976470588235,0.670588235294,0,1],"ix":4},"o":{"a":0,"k":100,"ix":5},"r":1,"bm":0,"nm":"Fill 1","mn":"ADBE Vector Graphic - Fill","hd":false},{"ty":"tr","p":{"a":0,"k":[0,0],"ix":2},"a":{"a":0,"k":[0,0],"ix":1},"s":{"a":0,"k":[100,100],"ix":3},"r":{"a":0,"k":0,"ix":6},"o":{"a":0,"k":100,"ix":7},"sk":{"a":0,"k":0,"ix":4},"sa":{"a":0,"k":0,"ix":5},"nm":"Transform"}],"nm":"Shape 1","np":3,"cix":2,"bm":0,"ix":4,"mn":"ADBE Vector Group","hd":false}],"ip":0,"op":480,"st":0,"bm":0},{"ddd":0,"ind":33,"ty":4,"nm":"02 foot","parent":35,"sr":1,"ks":{"o":{"a":0,"k":100,"ix":11},"r":{"a":0,"k":0,"ix":10},"p":{"a":0,"k":[-236.58,343.082,0],"ix":2},"a":{"a":0,"k":[-0.33,0.832,0],"ix":1},"s":{"a":0,"k":[100,100,100],"ix":6}},"ao":0,"shapes":[{"ty":"gr","it":[{"ind":0,"ty":"sh","ix":1,"ks":{"a":0,"k":{"i":[[0,0],[4.933,-17.49],[0,0],[3.3,16.689]],"o":[[-9.867,31.759],[0,0],[0,0],[0,0]],"v":[[16.824,-32.022],[-41.76,9.21],[41.099,9.21],[46.005,-32.022]],"c":true},"ix":2},"nm":"Path 1","mn":"ADBE Vector Shape - Group","hd":false},{"ty":"st","c":{"a":0,"k":[0.125490196078,0.129411764706,0.141176470588,1],"ix":3},"o":{"a":0,"k":100,"ix":4},"w":{"a":0,"k":4,"ix":5},"lc":2,"lj":2,"bm":0,"nm":"Stroke 1","mn":"ADBE Vector Graphic - Stroke","hd":false},{"ty":"fl","c":{"a":0,"k":[1,1,1,1],"ix":4},"o":{"a":0,"k":100,"ix":5},"r":1,"bm":0,"nm":"Fill 1","mn":"ADBE Vector Graphic - Fill","hd":false},{"ty":"tr","p":{"a":0,"k":[-3.772,11.406],"ix":2},"a":{"a":0,"k":[0,0],"ix":1},"s":{"a":0,"k":[100,100],"ix":3},"r":{"a":0,"k":0,"ix":6},"o":{"a":0,"k":100,"ix":7},"sk":{"a":0,"k":0,"ix":4},"sa":{"a":0,"k":0,"ix":5},"nm":"Transform"}],"nm":"Shape 1","np":3,"cix":2,"bm":0,"ix":1,"mn":"ADBE Vector Group","hd":false}],"ip":0,"op":480,"st":0,"bm":0},{"ddd":0,"ind":34,"ty":4,"nm":"02 leg","parent":35,"sr":1,"ks":{"o":{"a":0,"k":100,"ix":11},"r":{"a":0,"k":0,"ix":10},"p":{"a":0,"k":[-165.75,199,0],"ix":2},"a":{"a":0,"k":[0,0,0],"ix":1},"s":{"a":0,"k":[100,100,100],"ix":6}},"ao":0,"shapes":[{"ty":"gr","it":[{"ind":0,"ty":"sh","ix":1,"ks":{"a":0,"k":{"i":[[0.373,0.515],[0,0],[0.771,-0.157],[0.173,-0.767],[0,0],[-0.38,-0.474],[-0.607,0],[0,0],[-0.265,0.83],[0,0]],"o":[[0,0],[-0.461,-0.637],[-0.77,0.158],[0,0],[-0.134,0.593],[0.379,0.475],[0,0],[0.871,0],[0,0],[0.192,-0.606]],"v":[[58.963,-38.931],[-1.296,-122.096],[-3.319,-122.881],[-4.867,-121.361],[-59.309,120.599],[-58.919,122.287],[-57.358,123.038],[6.831,123.038],[8.737,121.645],[59.25,-37.15]],"c":true},"ix":2},"nm":"Path 1","mn":"ADBE Vector Shape - Group","hd":false},{"ty":"fl","c":{"a":0,"k":[0.125490196078,0.129411764706,0.141176470588,1],"ix":4},"o":{"a":0,"k":100,"ix":5},"r":1,"bm":0,"nm":"Fill 1","mn":"ADBE Vector Graphic - Fill","hd":false},{"ty":"tr","p":{"a":0,"k":[0,0],"ix":2},"a":{"a":0,"k":[0,0],"ix":1},"s":{"a":0,"k":[100,100],"ix":3},"r":{"a":0,"k":0,"ix":6},"o":{"a":0,"k":100,"ix":7},"sk":{"a":0,"k":0,"ix":4},"sa":{"a":0,"k":0,"ix":5},"nm":"Transform"}],"nm":"Shape 1","np":3,"cix":2,"bm":0,"ix":1,"mn":"ADBE Vector Group","hd":false}],"ip":0,"op":480,"st":0,"bm":0},{"ddd":0,"ind":35,"ty":3,"nm":"Guy","sr":1,"ks":{"o":{"a":0,"k":0,"ix":11},"r":{"a":0,"k":0,"ix":10},"p":{"s":true,"x":{"a":1,"k":[{"i":{"x":[0.2],"y":[1]},"o":{"x":[0.4],"y":[0]},"t":6,"s":[797],"e":[797]},{"i":{"x":[0.449],"y":[1]},"o":{"x":[0.001],"y":[0]},"t":18,"s":[797],"e":[797]},{"t":30}],"ix":3},"y":{"a":1,"k":[{"i":{"x":[0.2],"y":[1]},"o":{"x":[0.4],"y":[0]},"t":6,"s":[366],"e":[350]},{"i":{"x":[0.449],"y":[1]},"o":{"x":[0.001],"y":[0]},"t":18,"s":[350],"e":[366]},{"t":30}],"ix":4}},"a":{"a":0,"k":[0,0,0],"ix":1},"s":{"a":0,"k":[100,100,100],"ix":6}},"ao":0,"ip":0,"op":480,"st":0,"bm":0},{"ddd":0,"ind":36,"ty":4,"nm":"lines","sr":1,"ks":{"o":{"a":0,"k":100,"ix":11},"r":{"a":0,"k":0,"ix":10},"p":{"a":0,"k":[202,434,0],"ix":2},"a":{"a":0,"k":[80.75,56.75,0],"ix":1},"s":{"a":0,"k":[100,100,100],"ix":6}},"ao":0,"shapes":[{"ty":"gr","it":[{"ind":0,"ty":"sh","ix":1,"ks":{"a":0,"k":{"i":[[0,0],[0,0]],"o":[[0,0],[0,0]],"v":[[-101.198,340.594],[-1.757,340.594]],"c":false},"ix":2},"nm":"Path 1","mn":"ADBE Vector Shape - Group","hd":false},{"ty":"st","c":{"a":0,"k":[0.125490196078,0.129411764706,0.141176470588,1],"ix":3},"o":{"a":0,"k":100,"ix":4},"w":{"a":0,"k":4,"ix":5},"lc":2,"lj":2,"bm":0,"nm":"Stroke 1","mn":"ADBE Vector Graphic - Stroke","hd":false},{"ty":"tr","p":{"a":0,"k":[-3.772,11.406],"ix":2},"a":{"a":0,"k":[0,0],"ix":1},"s":{"a":0,"k":[100,100],"ix":3},"r":{"a":0,"k":0,"ix":6},"o":{"a":0,"k":100,"ix":7},"sk":{"a":0,"k":0,"ix":4},"sa":{"a":0,"k":0,"ix":5},"nm":"Transform"}],"nm":"Shape 3","np":3,"cix":2,"bm":0,"ix":1,"mn":"ADBE Vector Group","hd":false},{"ty":"gr","it":[{"ind":0,"ty":"sh","ix":1,"ks":{"a":0,"k":{"i":[[0,0],[0,0]],"o":[[0,0],[0,0]],"v":[[28.677,340.844],[182.867,340.844]],"c":false},"ix":2},"nm":"Path 1","mn":"ADBE Vector Shape - Group","hd":false},{"ty":"st","c":{"a":0,"k":[0.125490196078,0.129411764706,0.141176470588,1],"ix":3},"o":{"a":0,"k":100,"ix":4},"w":{"a":0,"k":4,"ix":5},"lc":2,"lj":2,"bm":0,"nm":"Stroke 1","mn":"ADBE Vector Graphic - Stroke","hd":false},{"ty":"tr","p":{"a":0,"k":[-3.772,11.406],"ix":2},"a":{"a":0,"k":[0,0],"ix":1},"s":{"a":0,"k":[100,100],"ix":3},"r":{"a":0,"k":0,"ix":6},"o":{"a":0,"k":100,"ix":7},"sk":{"a":0,"k":0,"ix":4},"sa":{"a":0,"k":0,"ix":5},"nm":"Transform"}],"nm":"Shape 2","np":3,"cix":2,"bm":0,"ix":2,"mn":"ADBE Vector Group","hd":false},{"ty":"gr","it":[{"ind":0,"ty":"sh","ix":1,"ks":{"a":0,"k":{"i":[[0,0],[0,0]],"o":[[0,0],[0,0]],"v":[[839.513,340.469],[271.531,340.469]],"c":false},"ix":2},"nm":"Path 1","mn":"ADBE Vector Shape - Group","hd":false},{"ty":"st","c":{"a":0,"k":[0.125490196078,0.129411764706,0.141176470588,1],"ix":3},"o":{"a":0,"k":100,"ix":4},"w":{"a":0,"k":4,"ix":5},"lc":2,"lj":2,"bm":0,"nm":"Stroke 1","mn":"ADBE Vector Graphic - Stroke","hd":false},{"ty":"tr","p":{"a":0,"k":[-3.772,11.406],"ix":2},"a":{"a":0,"k":[0,0],"ix":1},"s":{"a":0,"k":[100,100],"ix":3},"r":{"a":0,"k":0,"ix":6},"o":{"a":0,"k":100,"ix":7},"sk":{"a":0,"k":0,"ix":4},"sa":{"a":0,"k":0,"ix":5},"nm":"Transform"}],"nm":"Shape 1","np":3,"cix":2,"bm":0,"ix":3,"mn":"ADBE Vector Group","hd":false}],"ip":0,"op":480,"st":0,"bm":0},{"ddd":0,"ind":37,"ty":4,"nm":"camera","parent":39,"sr":1,"ks":{"o":{"a":0,"k":100,"ix":11},"r":{"a":0,"k":0,"ix":10},"p":{"s":true,"x":{"a":0,"k":13.42,"ix":3},"y":{"a":1,"k":[{"i":{"x":[0.522],"y":[1]},"o":{"x":[0.564],"y":[0]},"t":11,"s":[3.082],"e":[-18.918]},{"i":{"x":[0.374],"y":[1]},"o":{"x":[0.379],"y":[0]},"t":18,"s":[-18.918],"e":[3.082]},{"t":24}],"ix":4}},"a":{"a":0,"k":[-0.33,0.832,0],"ix":1},"s":{"a":0,"k":[100,100,100],"ix":6}},"ao":0,"shapes":[{"ty":"gr","it":[{"ind":0,"ty":"sh","ix":1,"ks":{"a":0,"k":{"i":[[0,10.441],[-10.441,0],[0,-10.441],[10.441,0]],"o":[[0,-10.441],[10.441,0],[0,10.441],[-10.441,0]],"v":[[-15.133,-11.406],[3.772,-30.312],[22.678,-11.406],[3.772,7.499]],"c":true},"ix":2},"nm":"Path 1","mn":"ADBE Vector Shape - Group","hd":false},{"ty":"st","c":{"a":0,"k":[0.125490196078,0.129411764706,0.141176470588,1],"ix":3},"o":{"a":0,"k":100,"ix":4},"w":{"a":0,"k":4,"ix":5},"lc":2,"lj":2,"bm":0,"nm":"Stroke 1","mn":"ADBE Vector Graphic - Stroke","hd":false},{"ty":"fl","c":{"a":0,"k":[0.101960791794,0.450980422076,0.909803981407,1],"ix":4},"o":{"a":0,"k":100,"ix":5},"r":1,"bm":0,"nm":"Fill 1","mn":"ADBE Vector Graphic - Fill","hd":false},{"ty":"tr","p":{"a":0,"k":[-0.294,4.449],"ix":2},"a":{"a":0,"k":[4.283,-12.25],"ix":1},"s":{"a":0,"k":[100,100],"ix":3},"r":{"a":0,"k":0,"ix":6},"o":{"a":0,"k":100,"ix":7},"sk":{"a":0,"k":0,"ix":4},"sa":{"a":0,"k":0,"ix":5},"nm":"Transform"}],"nm":"Shape 2","np":3,"cix":2,"bm":0,"ix":1,"mn":"ADBE Vector Group","hd":false},{"ty":"gr","it":[{"ind":0,"ty":"sh","ix":1,"ks":{"a":0,"k":{"i":[[0,0],[0,0],[0,0],[0,0],[0,0],[0,0],[0,0],[0,0],[0,0],[0,0]],"o":[[0,0],[0,0],[0,0],[0,0],[0,0],[0,0],[0,0],[0,0],[0,0],[0,0]],"v":[[28.723,-30.648],[23.648,-46.294],[9.693,-46.294],[0.39,-46.294],[-13.566,-46.294],[-18.641,-30.648],[-42.111,-30.648],[-42.111,23.482],[49.656,23.482],[49.656,-30.648]],"c":true},"ix":2},"nm":"Path 1","mn":"ADBE Vector Shape - Group","hd":false},{"ty":"st","c":{"a":0,"k":[0.125490196078,0.129411764706,0.141176470588,1],"ix":3},"o":{"a":0,"k":100,"ix":4},"w":{"a":0,"k":4,"ix":5},"lc":2,"lj":2,"bm":0,"nm":"Stroke 1","mn":"ADBE Vector Graphic - Stroke","hd":false},{"ty":"fl","c":{"a":0,"k":[1,1,1,1],"ix":4},"o":{"a":0,"k":100,"ix":5},"r":1,"bm":0,"nm":"Fill 1","mn":"ADBE Vector Graphic - Fill","hd":false},{"ty":"tr","p":{"a":0,"k":[-3.772,11.406],"ix":2},"a":{"a":0,"k":[0,0],"ix":1},"s":{"a":0,"k":[100,100],"ix":3},"r":{"a":0,"k":0,"ix":6},"o":{"a":0,"k":100,"ix":7},"sk":{"a":0,"k":0,"ix":4},"sa":{"a":0,"k":0,"ix":5},"nm":"Transform"}],"nm":"Shape 1","np":3,"cix":2,"bm":0,"ix":2,"mn":"ADBE Vector Group","hd":false}],"ip":0,"op":480,"st":0,"bm":0},{"ddd":0,"ind":38,"ty":4,"nm":"picture","parent":37,"sr":1,"ks":{"o":{"a":0,"k":100,"ix":11},"r":{"a":1,"k":[{"i":{"x":[0.2],"y":[1]},"o":{"x":[0.4],"y":[0]},"t":18,"s":[60],"e":[-25]},{"i":{"x":[0.2],"y":[1]},"o":{"x":[0.167],"y":[0]},"t":26,"s":[-25],"e":[0]},{"t":32}],"ix":10},"p":{"s":true,"x":{"a":1,"k":[{"i":{"x":[0.2],"y":[1]},"o":{"x":[0.4],"y":[0]},"t":18,"s":[-1.33],"e":[-50.33]},{"i":{"x":[0.2],"y":[1]},"o":{"x":[0.167],"y":[0]},"t":26,"s":[-50.33],"e":[-41.33]},{"t":32}],"ix":3},"y":{"a":1,"k":[{"i":{"x":[0.2],"y":[1]},"o":{"x":[0.4],"y":[0]},"t":18,"s":[5.332],"e":[-26.418]},{"i":{"x":[0.2],"y":[1]},"o":{"x":[0.167],"y":[0]},"t":26,"s":[-26.418],"e":[-20.668]},{"t":32}],"ix":4}},"a":{"a":0,"k":[-0.33,0.832,0],"ix":1},"s":{"a":0,"k":[100,100,100],"ix":6}},"ao":0,"shapes":[{"ty":"gr","it":[{"ind":0,"ty":"sh","ix":1,"ks":{"a":0,"k":{"i":[[0,0],[0,0],[0,0],[0,0]],"o":[[0,0],[0,0],[0,0],[0,0]],"v":[[8.91,24.521],[-29.911,2.108],[-1.366,-47.333],[37.455,-24.92]],"c":true},"ix":2},"nm":"Path 1","mn":"ADBE Vector Shape - Group","hd":false},{"ty":"st","c":{"a":0,"k":[0.125490196078,0.129411764706,0.141176470588,1],"ix":3},"o":{"a":0,"k":100,"ix":4},"w":{"a":0,"k":4,"ix":5},"lc":2,"lj":2,"bm":0,"nm":"Stroke 1","mn":"ADBE Vector Graphic - Stroke","hd":false},{"ty":"fl","c":{"a":0,"k":[1,1,1,1],"ix":4},"o":{"a":0,"k":100,"ix":5},"r":1,"bm":0,"nm":"Fill 1","mn":"ADBE Vector Graphic - Fill","hd":false},{"ty":"tr","p":{"a":0,"k":[-3.772,11.406],"ix":2},"a":{"a":0,"k":[0,0],"ix":1},"s":{"a":0,"k":[100,100],"ix":3},"r":{"a":0,"k":0,"ix":6},"o":{"a":0,"k":100,"ix":7},"sk":{"a":0,"k":0,"ix":4},"sa":{"a":0,"k":0,"ix":5},"nm":"Transform"}],"nm":"Shape 1","np":3,"cix":2,"bm":0,"ix":1,"mn":"ADBE Vector Group","hd":false}],"ip":0,"op":480,"st":0,"bm":0},{"ddd":0,"ind":39,"ty":4,"nm":"camera bg","sr":1,"ks":{"o":{"a":0,"k":100,"ix":11},"r":{"a":0,"k":0,"ix":10},"p":{"s":true,"x":{"a":1,"k":[{"i":{"x":[0.667],"y":[1]},"o":{"x":[0.514],"y":[0]},"t":3,"s":[615.17],"e":[615.17]},{"i":{"x":[0.449],"y":[1]},"o":{"x":[0.333],"y":[0]},"t":15,"s":[615.17],"e":[615.17]},{"t":27}],"ix":3},"y":{"a":1,"k":[{"i":{"x":[0.667],"y":[1]},"o":{"x":[0.514],"y":[0]},"t":3,"s":[202.332],"e":[176.332]},{"i":{"x":[0.449],"y":[1]},"o":{"x":[0.333],"y":[0]},"t":15,"s":[176.332],"e":[202.332]},{"t":27}],"ix":4}},"a":{"a":0,"k":[-0.33,0.832,0],"ix":1},"s":{"a":0,"k":[100,100,100],"ix":6}},"ao":0,"shapes":[{"ty":"gr","it":[{"ind":0,"ty":"sh","ix":1,"ks":{"a":0,"k":{"i":[[14.057,0],[0,0],[0,-14.057],[0,0],[-14.057,0],[0,0],[0,14.057],[0,0]],"o":[[0,0],[-14.057,0],[0,0],[0,14.057],[0,0],[14.057,0],[0,0],[0,-14.057]],"v":[[71.746,-90.65],[-64.202,-90.65],[-89.654,-65.198],[-89.654,42.386],[-64.202,67.838],[71.746,67.838],[97.199,42.386],[97.199,-65.198]],"c":true},"ix":2},"nm":"Path 1","mn":"ADBE Vector Shape - Group","hd":false},{"ty":"st","c":{"a":0,"k":[0.125490196078,0.129411764706,0.141176470588,1],"ix":3},"o":{"a":0,"k":100,"ix":4},"w":{"a":0,"k":4,"ix":5},"lc":2,"lj":2,"bm":0,"nm":"Stroke 1","mn":"ADBE Vector Graphic - Stroke","hd":false},{"ty":"fl","c":{"a":0,"k":[0.101960784314,0.450980392157,0.909803921569,1],"ix":4},"o":{"a":0,"k":100,"ix":5},"r":1,"bm":0,"nm":"Fill 1","mn":"ADBE Vector Graphic - Fill","hd":false},{"ty":"tr","p":{"a":0,"k":[-3.772,11.406],"ix":2},"a":{"a":0,"k":[0,0],"ix":1},"s":{"a":0,"k":[100,100],"ix":3},"r":{"a":0,"k":0,"ix":6},"o":{"a":0,"k":100,"ix":7},"sk":{"a":0,"k":0,"ix":4},"sa":{"a":0,"k":0,"ix":5},"nm":"Transform"}],"nm":"Shape 1","np":3,"cix":2,"bm":0,"ix":1,"mn":"ADBE Vector Group","hd":false}],"ip":0,"op":480,"st":0,"bm":0},{"ddd":0,"ind":40,"ty":1,"nm":"solid","sr":1,"ks":{"o":{"a":0,"k":100,"ix":11},"r":{"a":0,"k":0,"ix":10},"p":{"a":0,"k":[495,400,0],"ix":2},"a":{"a":0,"k":[540,641.5,0],"ix":1},"s":{"a":0,"k":[92.222,63.704,100],"ix":6}},"ao":0,"sw":1080,"sh":1283,"sc":"#ffffff","ip":0,"op":480,"st":0,"bm":0}],"markers":[{"tm":8,"cm":"1","dr":0},{"tm":14,"cm":"RENDER HERE","dr":0}]}