1F442,1F442 1F3FB,1F442 1F3FC,1F442 1F3FD,1F442 1F3FE,1F442 1F3FF
1F9BB,1F9BB 1F3FB,1F9BB 1F3FC,1F9BB 1F3FD,1F9BB 1F3FE,1F9BB 1F3FF
1F9B6,1F9B6 1F3FB,1F9B6 1F3FC,1F9B6 1F3FD,1F9B6 1F3FE,1F9B6 1F3FF
1F9B5,1F9B5 1F3FB,1F9B5 1F3FC,1F9B5 1F3FD,1F9B5 1F3FE,1F9B5 1F3FF
1F4AA,1F4AA 1F3FB,1F4AA 1F3FC,1F4AA 1F3FD,1F4AA 1F3FE,1F4AA 1F3FF
1F44D,1F44D 1F3FB,1F44D 1F3FC,1F44D 1F3FD,1F44D 1F3FE,1F44D 1F3FF
1F44E,1F44E 1F3FB,1F44E 1F3FC,1F44E 1F3FD,1F44E 1F3FE,1F44E 1F3FF
1F44F,1F44F 1F3FB,1F44F 1F3FC,1F44F 1F3FD,1F44F 1F3FE,1F44F 1F3FF
1F64C,1F64C 1F3FB,1F64C 1F3FC,1F64C 1F3FD,1F64C 1F3FE,1F64C 1F3FF
1F450,1F450 1F3FB,1F450 1F3FC,1F450 1F3FD,1F450 1F3FE,1F450 1F3FF
1F932,1F932 1F3FB,1F932 1F3FC,1F932 1F3FD,1F932 1F3FE,1F932 1F3FF
1F91C,1F91C 1F3FB,1F91C 1F3FC,1F91C 1F3FD,1F91C 1F3FE,1F91C 1F3FF
1F91B,1F91B 1F3FB,1F91B 1F3FC,1F91B 1F3FD,1F91B 1F3FE,1F91B 1F3FF
270A,270A 1F3FB,270A 1F3FC,270A 1F3FD,270A 1F3FE,270A 1F3FF
1F44A,1F44A 1F3FB,1F44A 1F3FC,1F44A 1F3FD,1F44A 1F3FE,1F44A 1F3FF
1F590 FE0F,1F590 1F3FB,1F590 1F3FC,1F590 1F3FD,1F590 1F3FE,1F590 1F3FF
270B,270B 1F3FB,270B 1F3FC,270B 1F3FD,270B 1F3FE,270B 1F3FF
1F91A,1F91A 1F3FB,1F91A 1F3FC,1F91A 1F3FD,1F91A 1F3FE,1F91A 1F3FF
1F44B,1F44B 1F3FB,1F44B 1F3FC,1F44B 1F3FD,1F44B 1F3FE,1F44B 1F3FF
1F90F,1F90F 1F3FB,1F90F 1F3FC,1F90F 1F3FD,1F90F 1F3FE,1F90F 1F3FF
1F44C,1F44C 1F3FB,1F44C 1F3FC,1F44C 1F3FD,1F44C 1F3FE,1F44C 1F3FF
270C FE0F,270C 1F3FB,270C 1F3FC,270C 1F3FD,270C 1F3FE,270C 1F3FF
1F918,1F918 1F3FB,1F918 1F3FC,1F918 1F3FD,1F918 1F3FE,1F918 1F3FF
1F91F,1F91F 1F3FB,1F91F 1F3FC,1F91F 1F3FD,1F91F 1F3FE,1F91F 1F3FF
1F919,1F919 1F3FB,1F919 1F3FC,1F919 1F3FD,1F919 1F3FE,1F919 1F3FF
1F91E,1F91E 1F3FB,1F91E 1F3FC,1F91E 1F3FD,1F91E 1F3FE,1F91E 1F3FF
1F595,1F595 1F3FB,1F595 1F3FC,1F595 1F3FD,1F595 1F3FE,1F595 1F3FF
1F596,1F596 1F3FB,1F596 1F3FC,1F596 1F3FD,1F596 1F3FE,1F596 1F3FF
261D FE0F,261D 1F3FB,261D 1F3FC,261D 1F3FD,261D 1F3FE,261D 1F3FF
1F446,1F446 1F3FB,1F446 1F3FC,1F446 1F3FD,1F446 1F3FE,1F446 1F3FF
1F447,1F447 1F3FB,1F447 1F3FC,1F447 1F3FD,1F447 1F3FE,1F447 1F3FF
1F449,1F449 1F3FB,1F449 1F3FC,1F449 1F3FD,1F449 1F3FE,1F449 1F3FF
1F448,1F448 1F3FB,1F448 1F3FC,1F448 1F3FD,1F448 1F3FE,1F448 1F3FF
270D FE0F,270D 1F3FB,270D 1F3FC,270D 1F3FD,270D 1F3FE,270D 1F3FF
1F933,1F933 1F3FB,1F933 1F3FC,1F933 1F3FD,1F933 1F3FE,1F933 1F3FF
1F64F,1F64F 1F3FB,1F64F 1F3FC,1F64F 1F3FD,1F64F 1F3FE,1F64F 1F3FF
1F485,1F485 1F3FB,1F485 1F3FC,1F485 1F3FD,1F485 1F3FE,1F485 1F3FF
1F647,1F647 1F3FB,1F647 1F3FC,1F647 1F3FD,1F647 1F3FE,1F647 1F3FF
1F647 200D 2642 FE0F,1F647 1F3FB 200D 2642 FE0F,1F647 1F3FC 200D 2642 FE0F,1F647 1F3FD 200D 2642 FE0F,1F647 1F3FE 200D 2642 FE0F,1F647 1F3FF 200D 2642 FE0F
1F647 200D 2640 FE0F,1F647 1F3FB 200D 2640 FE0F,1F647 1F3FC 200D 2640 FE0F,1F647 1F3FD 200D 2640 FE0F,1F647 1F3FE 200D 2640 FE0F,1F647 1F3FF 200D 2640 FE0F
1F64B,1F64B 1F3FB,1F64B 1F3FC,1F64B 1F3FD,1F64B 1F3FE,1F64B 1F3FF
1F64B 200D 2642 FE0F,1F64B 1F3FB 200D 2642 FE0F,1F64B 1F3FC 200D 2642 FE0F,1F64B 1F3FD 200D 2642 FE0F,1F64B 1F3FE 200D 2642 FE0F,1F64B 1F3FF 200D 2642 FE0F
1F64B 200D 2640 FE0F,1F64B 1F3FB 200D 2640 FE0F,1F64B 1F3FC 200D 2640 FE0F,1F64B 1F3FD 200D 2640 FE0F,1F64B 1F3FE 200D 2640 FE0F,1F64B 1F3FF 200D 2640 FE0F
1F481,1F481 1F3FB,1F481 1F3FC,1F481 1F3FD,1F481 1F3FE,1F481 1F3FF
1F481 200D 2642 FE0F,1F481 1F3FB 200D 2642 FE0F,1F481 1F3FC 200D 2642 FE0F,1F481 1F3FD 200D 2642 FE0F,1F481 1F3FE 200D 2642 FE0F,1F481 1F3FF 200D 2642 FE0F
1F481 200D 2640 FE0F,1F481 1F3FB 200D 2640 FE0F,1F481 1F3FC 200D 2640 FE0F,1F481 1F3FD 200D 2640 FE0F,1F481 1F3FE 200D 2640 FE0F,1F481 1F3FF 200D 2640 FE0F
1F646,1F646 1F3FB,1F646 1F3FC,1F646 1F3FD,1F646 1F3FE,1F646 1F3FF
1F646 200D 2642 FE0F,1F646 1F3FB 200D 2642 FE0F,1F646 1F3FC 200D 2642 FE0F,1F646 1F3FD 200D 2642 FE0F,1F646 1F3FE 200D 2642 FE0F,1F646 1F3FF 200D 2642 FE0F
1F646 200D 2640 FE0F,1F646 1F3FB 200D 2640 FE0F,1F646 1F3FC 200D 2640 FE0F,1F646 1F3FD 200D 2640 FE0F,1F646 1F3FE 200D 2640 FE0F,1F646 1F3FF 200D 2640 FE0F
1F645,1F645 1F3FB,1F645 1F3FC,1F645 1F3FD,1F645 1F3FE,1F645 1F3FF
1F645 200D 2642 FE0F,1F645 1F3FB 200D 2642 FE0F,1F645 1F3FC 200D 2642 FE0F,1F645 1F3FD 200D 2642 FE0F,1F645 1F3FE 200D 2642 FE0F,1F645 1F3FF 200D 2642 FE0F
1F645 200D 2640 FE0F,1F645 1F3FB 200D 2640 FE0F,1F645 1F3FC 200D 2640 FE0F,1F645 1F3FD 200D 2640 FE0F,1F645 1F3FE 200D 2640 FE0F,1F645 1F3FF 200D 2640 FE0F
1F937,1F937 1F3FB,1F937 1F3FC,1F937 1F3FD,1F937 1F3FE,1F937 1F3FF
1F937 200D 2642 FE0F,1F937 1F3FB 200D 2642 FE0F,1F937 1F3FC 200D 2642 FE0F,1F937 1F3FD 200D 2642 FE0F,1F937 1F3FE 200D 2642 FE0F,1F937 1F3FF 200D 2642 FE0F
1F937 200D 2640 FE0F,1F937 1F3FB 200D 2640 FE0F,1F937 1F3FC 200D 2640 FE0F,1F937 1F3FD 200D 2640 FE0F,1F937 1F3FE 200D 2640 FE0F,1F937 1F3FF 200D 2640 FE0F
1F926,1F926 1F3FB,1F926 1F3FC,1F926 1F3FD,1F926 1F3FE,1F926 1F3FF
1F926 200D 2642 FE0F,1F926 1F3FB 200D 2642 FE0F,1F926 1F3FC 200D 2642 FE0F,1F926 1F3FD 200D 2642 FE0F,1F926 1F3FE 200D 2642 FE0F,1F926 1F3FF 200D 2642 FE0F
1F926 200D 2640 FE0F,1F926 1F3FB 200D 2640 FE0F,1F926 1F3FC 200D 2640 FE0F,1F926 1F3FD 200D 2640 FE0F,1F926 1F3FE 200D 2640 FE0F,1F926 1F3FF 200D 2640 FE0F
1F64D,1F64D 1F3FB,1F64D 1F3FC,1F64D 1F3FD,1F64D 1F3FE,1F64D 1F3FF
1F64D 200D 2642 FE0F,1F64D 1F3FB 200D 2642 FE0F,1F64D 1F3FC 200D 2642 FE0F,1F64D 1F3FD 200D 2642 FE0F,1F64D 1F3FE 200D 2642 FE0F,1F64D 1F3FF 200D 2642 FE0F
1F64D 200D 2640 FE0F,1F64D 1F3FB 200D 2640 FE0F,1F64D 1F3FC 200D 2640 FE0F,1F64D 1F3FD 200D 2640 FE0F,1F64D 1F3FE 200D 2640 FE0F,1F64D 1F3FF 200D 2640 FE0F
1F64E,1F64E 1F3FB,1F64E 1F3FC,1F64E 1F3FD,1F64E 1F3FE,1F64E 1F3FF
1F64E 200D 2642 FE0F,1F64E 1F3FB 200D 2642 FE0F,1F64E 1F3FC 200D 2642 FE0F,1F64E 1F3FD 200D 2642 FE0F,1F64E 1F3FE 200D 2642 FE0F,1F64E 1F3FF 200D 2642 FE0F
1F64E 200D 2640 FE0F,1F64E 1F3FB 200D 2640 FE0F,1F64E 1F3FC 200D 2640 FE0F,1F64E 1F3FD 200D 2640 FE0F,1F64E 1F3FE 200D 2640 FE0F,1F64E 1F3FF 200D 2640 FE0F
1F9CF,1F9CF 1F3FB,1F9CF 1F3FC,1F9CF 1F3FD,1F9CF 1F3FE,1F9CF 1F3FF
1F9CF 200D 2642 FE0F,1F9CF 1F3FB 200D 2642 FE0F,1F9CF 1F3FC 200D 2642 FE0F,1F9CF 1F3FD 200D 2642 FE0F,1F9CF 1F3FE 200D 2642 FE0F,1F9CF 1F3FF 200D 2642 FE0F
1F9CF 200D 2640 FE0F,1F9CF 1F3FB 200D 2640 FE0F,1F9CF 1F3FC 200D 2640 FE0F,1F9CF 1F3FD 200D 2640 FE0F,1F9CF 1F3FE 200D 2640 FE0F,1F9CF 1F3FF 200D 2640 FE0F
1F486,1F486 1F3FB,1F486 1F3FC,1F486 1F3FD,1F486 1F3FE,1F486 1F3FF
1F486 200D 2642 FE0F,1F486 1F3FB 200D 2642 FE0F,1F486 1F3FC 200D 2642 FE0F,1F486 1F3FD 200D 2642 FE0F,1F486 1F3FE 200D 2642 FE0F,1F486 1F3FF 200D 2642 FE0F
1F486 200D 2640 FE0F,1F486 1F3FB 200D 2640 FE0F,1F486 1F3FC 200D 2640 FE0F,1F486 1F3FD 200D 2640 FE0F,1F486 1F3FE 200D 2640 FE0F,1F486 1F3FF 200D 2640 FE0F
1F487,1F487 1F3FB,1F487 1F3FC,1F487 1F3FD,1F487 1F3FE,1F487 1F3FF
1F487 200D 2642 FE0F,1F487 1F3FB 200D 2642 FE0F,1F487 1F3FC 200D 2642 FE0F,1F487 1F3FD 200D 2642 FE0F,1F487 1F3FE 200D 2642 FE0F,1F487 1F3FF 200D 2642 FE0F
1F487 200D 2640 FE0F,1F487 1F3FB 200D 2640 FE0F,1F487 1F3FC 200D 2640 FE0F,1F487 1F3FD 200D 2640 FE0F,1F487 1F3FE 200D 2640 FE0F,1F487 1F3FF 200D 2640 FE0F
1F9D6,1F9D6 1F3FB,1F9D6 1F3FC,1F9D6 1F3FD,1F9D6 1F3FE,1F9D6 1F3FF
1F9D6 200D 2640 FE0F,1F9D6 1F3FB 200D 2640 FE0F,1F9D6 1F3FC 200D 2640 FE0F,1F9D6 1F3FD 200D 2640 FE0F,1F9D6 1F3FE 200D 2640 FE0F,1F9D6 1F3FF 200D 2640 FE0F
1F9D6 200D 2642 FE0F,1F9D6 1F3FB 200D 2642 FE0F,1F9D6 1F3FC 200D 2642 FE0F,1F9D6 1F3FD 200D 2642 FE0F,1F9D6 1F3FE 200D 2642 FE0F,1F9D6 1F3FF 200D 2642 FE0F
1F6C0,1F6C0 1F3FB,1F6C0 1F3FC,1F6C0 1F3FD,1F6C0 1F3FE,1F6C0 1F3FF
1F6CC,1F6CC 1F3FB,1F6CC 1F3FC,1F6CC 1F3FD,1F6CC 1F3FE,1F6CC 1F3FF
1F9D8,1F9D8 1F3FB,1F9D8 1F3FC,1F9D8 1F3FD,1F9D8 1F3FE,1F9D8 1F3FF
1F9D8 200D 2640 FE0F,1F9D8 1F3FB 200D 2640 FE0F,1F9D8 1F3FC 200D 2640 FE0F,1F9D8 1F3FD 200D 2640 FE0F,1F9D8 1F3FE 200D 2640 FE0F,1F9D8 1F3FF 200D 2640 FE0F
1F9D8 200D 2642 FE0F,1F9D8 1F3FB 200D 2642 FE0F,1F9D8 1F3FC 200D 2642 FE0F,1F9D8 1F3FD 200D 2642 FE0F,1F9D8 1F3FE 200D 2642 FE0F,1F9D8 1F3FF 200D 2642 FE0F
1F468 200D 1F9AF,1F468 1F3FB 200D 1F9AF,1F468 1F3FC 200D 1F9AF,1F468 1F3FD 200D 1F9AF,1F468 1F3FE 200D 1F9AF,1F468 1F3FF 200D 1F9AF
1F469 200D 1F9AF,1F469 1F3FB 200D 1F9AF,1F469 1F3FC 200D 1F9AF,1F469 1F3FD 200D 1F9AF,1F469 1F3FE 200D 1F9AF,1F469 1F3FF 200D 1F9AF
1F468 200D 1F9BC,1F468 1F3FB 200D 1F9BC,1F468 1F3FC 200D 1F9BC,1F468 1F3FD 200D 1F9BC,1F468 1F3FE 200D 1F9BC,1F468 1F3FF 200D 1F9BC
1F469 200D 1F9BC,1F469 1F3FB 200D 1F9BC,1F469 1F3FC 200D 1F9BC,1F469 1F3FD 200D 1F9BC,1F469 1F3FE 200D 1F9BC,1F469 1F3FF 200D 1F9BC
1F468 200D 1F9BD,1F468 1F3FB 200D 1F9BD,1F468 1F3FC 200D 1F9BD,1F468 1F3FD 200D 1F9BD,1F468 1F3FE 200D 1F9BD,1F468 1F3FF 200D 1F9BD
1F469 200D 1F9BD,1F469 1F3FB 200D 1F9BD,1F469 1F3FC 200D 1F9BD,1F469 1F3FD 200D 1F9BD,1F469 1F3FE 200D 1F9BD,1F469 1F3FF 200D 1F9BD
1F9CE,1F9CE 1F3FB,1F9CE 1F3FC,1F9CE 1F3FD,1F9CE 1F3FE,1F9CE 1F3FF
1F9CE 200D 2642 FE0F,1F9CE 1F3FB 200D 2642 FE0F,1F9CE 1F3FC 200D 2642 FE0F,1F9CE 1F3FD 200D 2642 FE0F,1F9CE 1F3FE 200D 2642 FE0F,1F9CE 1F3FF 200D 2642 FE0F
1F9CE 200D 2640 FE0F,1F9CE 1F3FB 200D 2640 FE0F,1F9CE 1F3FC 200D 2640 FE0F,1F9CE 1F3FD 200D 2640 FE0F,1F9CE 1F3FE 200D 2640 FE0F,1F9CE 1F3FF 200D 2640 FE0F
1F9CD,1F9CD 1F3FB,1F9CD 1F3FC,1F9CD 1F3FD,1F9CD 1F3FE,1F9CD 1F3FF
1F9CD 200D 2642 FE0F,1F9CD 1F3FB 200D 2642 FE0F,1F9CD 1F3FC 200D 2642 FE0F,1F9CD 1F3FD 200D 2642 FE0F,1F9CD 1F3FE 200D 2642 FE0F,1F9CD 1F3FF 200D 2642 FE0F
1F9CD 200D 2640 FE0F,1F9CD 1F3FB 200D 2640 FE0F,1F9CD 1F3FC 200D 2640 FE0F,1F9CD 1F3FD 200D 2640 FE0F,1F9CD 1F3FE 200D 2640 FE0F,1F9CD 1F3FF 200D 2640 FE0F
1F6B6,1F6B6 1F3FB,1F6B6 1F3FC,1F6B6 1F3FD,1F6B6 1F3FE,1F6B6 1F3FF
1F6B6 200D 2642 FE0F,1F6B6 1F3FB 200D 2642 FE0F,1F6B6 1F3FC 200D 2642 FE0F,1F6B6 1F3FD 200D 2642 FE0F,1F6B6 1F3FE 200D 2642 FE0F,1F6B6 1F3FF 200D 2642 FE0F
1F6B6 200D 2640 FE0F,1F6B6 1F3FB 200D 2640 FE0F,1F6B6 1F3FC 200D 2640 FE0F,1F6B6 1F3FD 200D 2640 FE0F,1F6B6 1F3FE 200D 2640 FE0F,1F6B6 1F3FF 200D 2640 FE0F
1F3C3,1F3C3 1F3FB,1F3C3 1F3FC,1F3C3 1F3FD,1F3C3 1F3FE,1F3C3 1F3FF
1F3C3 200D 2642 FE0F,1F3C3 1F3FB 200D 2642 FE0F,1F3C3 1F3FC 200D 2642 FE0F,1F3C3 1F3FD 200D 2642 FE0F,1F3C3 1F3FE 200D 2642 FE0F,1F3C3 1F3FF 200D 2642 FE0F
1F3C3 200D 2640 FE0F,1F3C3 1F3FB 200D 2640 FE0F,1F3C3 1F3FC 200D 2640 FE0F,1F3C3 1F3FD 200D 2640 FE0F,1F3C3 1F3FE 200D 2640 FE0F,1F3C3 1F3FF 200D 2640 FE0F
1F938,1F938 1F3FB,1F938 1F3FC,1F938 1F3FD,1F938 1F3FE,1F938 1F3FF
1F938 200D 2642 FE0F,1F938 1F3FB 200D 2642 FE0F,1F938 1F3FC 200D 2642 FE0F,1F938 1F3FD 200D 2642 FE0F,1F938 1F3FE 200D 2642 FE0F,1F938 1F3FF 200D 2642 FE0F
1F938 200D 2640 FE0F,1F938 1F3FB 200D 2640 FE0F,1F938 1F3FC 200D 2640 FE0F,1F938 1F3FD 200D 2640 FE0F,1F938 1F3FE 200D 2640 FE0F,1F938 1F3FF 200D 2640 FE0F
1F3CB FE0F,1F3CB 1F3FB,1F3CB 1F3FC,1F3CB 1F3FD,1F3CB 1F3FE,1F3CB 1F3FF
1F3CB FE0F 200D 2642 FE0F,1F3CB 1F3FB 200D 2642 FE0F,1F3CB 1F3FC 200D 2642 FE0F,1F3CB 1F3FD 200D 2642 FE0F,1F3CB 1F3FE 200D 2642 FE0F,1F3CB 1F3FF 200D 2642 FE0F
1F3CB FE0F 200D 2640 FE0F,1F3CB 1F3FB 200D 2640 FE0F,1F3CB 1F3FC 200D 2640 FE0F,1F3CB 1F3FD 200D 2640 FE0F,1F3CB 1F3FE 200D 2640 FE0F,1F3CB 1F3FF 200D 2640 FE0F
26F9 FE0F,26F9 1F3FB,26F9 1F3FC,26F9 1F3FD,26F9 1F3FE,26F9 1F3FF
26F9 FE0F 200D 2642 FE0F,26F9 1F3FB 200D 2642 FE0F,26F9 1F3FC 200D 2642 FE0F,26F9 1F3FD 200D 2642 FE0F,26F9 1F3FE 200D 2642 FE0F,26F9 1F3FF 200D 2642 FE0F
26F9 FE0F 200D 2640 FE0F,26F9 1F3FB 200D 2640 FE0F,26F9 1F3FC 200D 2640 FE0F,26F9 1F3FD 200D 2640 FE0F,26F9 1F3FE 200D 2640 FE0F,26F9 1F3FF 200D 2640 FE0F
1F93E,1F93E 1F3FB,1F93E 1F3FC,1F93E 1F3FD,1F93E 1F3FE,1F93E 1F3FF
1F93E 200D 2642 FE0F,1F93E 1F3FB 200D 2642 FE0F,1F93E 1F3FC 200D 2642 FE0F,1F93E 1F3FD 200D 2642 FE0F,1F93E 1F3FE 200D 2642 FE0F,1F93E 1F3FF 200D 2642 FE0F
1F93E 200D 2640 FE0F,1F93E 1F3FB 200D 2640 FE0F,1F93E 1F3FC 200D 2640 FE0F,1F93E 1F3FD 200D 2640 FE0F,1F93E 1F3FE 200D 2640 FE0F,1F93E 1F3FF 200D 2640 FE0F
1F6B4,1F6B4 1F3FB,1F6B4 1F3FC,1F6B4 1F3FD,1F6B4 1F3FE,1F6B4 1F3FF
1F6B4 200D 2642 FE0F,1F6B4 1F3FB 200D 2642 FE0F,1F6B4 1F3FC 200D 2642 FE0F,1F6B4 1F3FD 200D 2642 FE0F,1F6B4 1F3FE 200D 2642 FE0F,1F6B4 1F3FF 200D 2642 FE0F
1F6B4 200D 2640 FE0F,1F6B4 1F3FB 200D 2640 FE0F,1F6B4 1F3FC 200D 2640 FE0F,1F6B4 1F3FD 200D 2640 FE0F,1F6B4 1F3FE 200D 2640 FE0F,1F6B4 1F3FF 200D 2640 FE0F
1F6B5,1F6B5 1F3FB,1F6B5 1F3FC,1F6B5 1F3FD,1F6B5 1F3FE,1F6B5 1F3FF
1F6B5 200D 2642 FE0F,1F6B5 1F3FB 200D 2642 FE0F,1F6B5 1F3FC 200D 2642 FE0F,1F6B5 1F3FD 200D 2642 FE0F,1F6B5 1F3FE 200D 2642 FE0F,1F6B5 1F3FF 200D 2642 FE0F
1F6B5 200D 2640 FE0F,1F6B5 1F3FB 200D 2640 FE0F,1F6B5 1F3FC 200D 2640 FE0F,1F6B5 1F3FD 200D 2640 FE0F,1F6B5 1F3FE 200D 2640 FE0F,1F6B5 1F3FF 200D 2640 FE0F
1F9D7,1F9D7 1F3FB,1F9D7 1F3FC,1F9D7 1F3FD,1F9D7 1F3FE,1F9D7 1F3FF
1F9D7 200D 2640 FE0F,1F9D7 1F3FB 200D 2640 FE0F,1F9D7 1F3FC 200D 2640 FE0F,1F9D7 1F3FD 200D 2640 FE0F,1F9D7 1F3FE 200D 2640 FE0F,1F9D7 1F3FF 200D 2640 FE0F
1F9D7 200D 2642 FE0F,1F9D7 1F3FB 200D 2642 FE0F,1F9D7 1F3FC 200D 2642 FE0F,1F9D7 1F3FD 200D 2642 FE0F,1F9D7 1F3FE 200D 2642 FE0F,1F9D7 1F3FF 200D 2642 FE0F
1F93C,1F93C 1F3FB,1F93C 1F3FC,1F93C 1F3FD,1F93C 1F3FE,1F93C 1F3FF
1F939,1F939 1F3FB,1F939 1F3FC,1F939 1F3FD,1F939 1F3FE,1F939 1F3FF
1F939 200D 2642 FE0F,1F939 1F3FB 200D 2642 FE0F,1F939 1F3FC 200D 2642 FE0F,1F939 1F3FD 200D 2642 FE0F,1F939 1F3FE 200D 2642 FE0F,1F939 1F3FF 200D 2642 FE0F
1F939 200D 2640 FE0F,1F939 1F3FB 200D 2640 FE0F,1F939 1F3FC 200D 2640 FE0F,1F939 1F3FD 200D 2640 FE0F,1F939 1F3FE 200D 2640 FE0F,1F939 1F3FF 200D 2640 FE0F
1F3CC FE0F,1F3CC 1F3FB,1F3CC 1F3FC,1F3CC 1F3FD,1F3CC 1F3FE,1F3CC 1F3FF
1F3CC FE0F 200D 2642 FE0F,1F3CC 1F3FB 200D 2642 FE0F,1F3CC 1F3FC 200D 2642 FE0F,1F3CC 1F3FD 200D 2642 FE0F,1F3CC 1F3FE 200D 2642 FE0F,1F3CC 1F3FF 200D 2642 FE0F
1F3CC FE0F 200D 2640 FE0F,1F3CC 1F3FB 200D 2640 FE0F,1F3CC 1F3FC 200D 2640 FE0F,1F3CC 1F3FD 200D 2640 FE0F,1F3CC 1F3FE 200D 2640 FE0F,1F3CC 1F3FF 200D 2640 FE0F
1F3C7,1F3C7 1F3FB,1F3C7 1F3FC,1F3C7 1F3FD,1F3C7 1F3FE,1F3C7 1F3FF
1F3C2,1F3C2 1F3FB,1F3C2 1F3FC,1F3C2 1F3FD,1F3C2 1F3FE,1F3C2 1F3FF
1F3C4,1F3C4 1F3FB,1F3C4 1F3FC,1F3C4 1F3FD,1F3C4 1F3FE,1F3C4 1F3FF
1F3C4 200D 2642 FE0F,1F3C4 1F3FB 200D 2642 FE0F,1F3C4 1F3FC 200D 2642 FE0F,1F3C4 1F3FD 200D 2642 FE0F,1F3C4 1F3FE 200D 2642 FE0F,1F3C4 1F3FF 200D 2642 FE0F
1F3C4 200D 2640 FE0F,1F3C4 1F3FB 200D 2640 FE0F,1F3C4 1F3FC 200D 2640 FE0F,1F3C4 1F3FD 200D 2640 FE0F,1F3C4 1F3FE 200D 2640 FE0F,1F3C4 1F3FF 200D 2640 FE0F
1F6A3,1F6A3 1F3FB,1F6A3 1F3FC,1F6A3 1F3FD,1F6A3 1F3FE,1F6A3 1F3FF
1F6A3 200D 2642 FE0F,1F6A3 1F3FB 200D 2642 FE0F,1F6A3 1F3FC 200D 2642 FE0F,1F6A3 1F3FD 200D 2642 FE0F,1F6A3 1F3FE 200D 2642 FE0F,1F6A3 1F3FF 200D 2642 FE0F
1F6A3 200D 2640 FE0F,1F6A3 1F3FB 200D 2640 FE0F,1F6A3 1F3FC 200D 2640 FE0F,1F6A3 1F3FD 200D 2640 FE0F,1F6A3 1F3FE 200D 2640 FE0F,1F6A3 1F3FF 200D 2640 FE0F
1F3CA,1F3CA 1F3FB,1F3CA 1F3FC,1F3CA 1F3FD,1F3CA 1F3FE,1F3CA 1F3FF
1F3CA 200D 2642 FE0F,1F3CA 1F3FB 200D 2642 FE0F,1F3CA 1F3FC 200D 2642 FE0F,1F3CA 1F3FD 200D 2642 FE0F,1F3CA 1F3FE 200D 2642 FE0F,1F3CA 1F3FF 200D 2642 FE0F
1F3CA 200D 2640 FE0F,1F3CA 1F3FB 200D 2640 FE0F,1F3CA 1F3FC 200D 2640 FE0F,1F3CA 1F3FD 200D 2640 FE0F,1F3CA 1F3FE 200D 2640 FE0F,1F3CA 1F3FF 200D 2640 FE0F
1F93D,1F93D 1F3FB,1F93D 1F3FC,1F93D 1F3FD,1F93D 1F3FE,1F93D 1F3FF
1F93D 200D 2642 FE0F,1F93D 1F3FB 200D 2642 FE0F,1F93D 1F3FC 200D 2642 FE0F,1F93D 1F3FD 200D 2642 FE0F,1F93D 1F3FE 200D 2642 FE0F,1F93D 1F3FF 200D 2642 FE0F
1F93D 200D 2640 FE0F,1F93D 1F3FB 200D 2640 FE0F,1F93D 1F3FC 200D 2640 FE0F,1F93D 1F3FD 200D 2640 FE0F,1F93D 1F3FE 200D 2640 FE0F,1F93D 1F3FF 200D 2640 FE0F
1F9DC,1F9DC 1F3FB,1F9DC 1F3FC,1F9DC 1F3FD,1F9DC 1F3FE,1F9DC 1F3FF
1F9DC 200D 2640 FE0F,1F9DC 1F3FB 200D 2640 FE0F,1F9DC 1F3FC 200D 2640 FE0F,1F9DC 1F3FD 200D 2640 FE0F,1F9DC 1F3FE 200D 2640 FE0F,1F9DC 1F3FF 200D 2640 FE0F
1F9DC 200D 2642 FE0F,1F9DC 1F3FB 200D 2642 FE0F,1F9DC 1F3FC 200D 2642 FE0F,1F9DC 1F3FD 200D 2642 FE0F,1F9DC 1F3FE 200D 2642 FE0F,1F9DC 1F3FF 200D 2642 FE0F
1F9DA,1F9DA 1F3FB,1F9DA 1F3FC,1F9DA 1F3FD,1F9DA 1F3FE,1F9DA 1F3FF
1F9DA 200D 2640 FE0F,1F9DA 1F3FB 200D 2640 FE0F,1F9DA 1F3FC 200D 2640 FE0F,1F9DA 1F3FD 200D 2640 FE0F,1F9DA 1F3FE 200D 2640 FE0F,1F9DA 1F3FF 200D 2640 FE0F
1F9DA 200D 2642 FE0F,1F9DA 1F3FB 200D 2642 FE0F,1F9DA 1F3FC 200D 2642 FE0F,1F9DA 1F3FD 200D 2642 FE0F,1F9DA 1F3FE 200D 2642 FE0F,1F9DA 1F3FF 200D 2642 FE0F
1F9B8,1F9B8 1F3FB,1F9B8 1F3FC,1F9B8 1F3FD,1F9B8 1F3FE,1F9B8 1F3FF
1F9B8 200D 2640 FE0F,1F9B8 1F3FB 200D 2640 FE0F,1F9B8 1F3FC 200D 2640 FE0F,1F9B8 1F3FD 200D 2640 FE0F,1F9B8 1F3FE 200D 2640 FE0F,1F9B8 1F3FF 200D 2640 FE0F
1F9B8 200D 2642 FE0F,1F9B8 1F3FB 200D 2642 FE0F,1F9B8 1F3FC 200D 2642 FE0F,1F9B8 1F3FD 200D 2642 FE0F,1F9B8 1F3FE 200D 2642 FE0F,1F9B8 1F3FF 200D 2642 FE0F
1F9B9,1F9B9 1F3FB,1F9B9 1F3FC,1F9B9 1F3FD,1F9B9 1F3FE,1F9B9 1F3FF
1F9B9 200D 2640 FE0F,1F9B9 1F3FB 200D 2640 FE0F,1F9B9 1F3FC 200D 2640 FE0F,1F9B9 1F3FD 200D 2640 FE0F,1F9B9 1F3FE 200D 2640 FE0F,1F9B9 1F3FF 200D 2640 FE0F
1F9B9 200D 2642 FE0F,1F9B9 1F3FB 200D 2642 FE0F,1F9B9 1F3FC 200D 2642 FE0F,1F9B9 1F3FD 200D 2642 FE0F,1F9B9 1F3FE 200D 2642 FE0F,1F9B9 1F3FF 200D 2642 FE0F
1F9DD,1F9DD 1F3FB,1F9DD 1F3FC,1F9DD 1F3FD,1F9DD 1F3FE,1F9DD 1F3FF
1F9DD 200D 2640 FE0F,1F9DD 1F3FB 200D 2640 FE0F,1F9DD 1F3FC 200D 2640 FE0F,1F9DD 1F3FD 200D 2640 FE0F,1F9DD 1F3FE 200D 2640 FE0F,1F9DD 1F3FF 200D 2640 FE0F
1F9DD 200D 2642 FE0F,1F9DD 1F3FB 200D 2642 FE0F,1F9DD 1F3FC 200D 2642 FE0F,1F9DD 1F3FD 200D 2642 FE0F,1F9DD 1F3FE 200D 2642 FE0F,1F9DD 1F3FF 200D 2642 FE0F
1F9D9,1F9D9 1F3FB,1F9D9 1F3FC,1F9D9 1F3FD,1F9D9 1F3FE,1F9D9 1F3FF
1F9D9 200D 2640 FE0F,1F9D9 1F3FB 200D 2640 FE0F,1F9D9 1F3FC 200D 2640 FE0F,1F9D9 1F3FD 200D 2640 FE0F,1F9D9 1F3FE 200D 2640 FE0F,1F9D9 1F3FF 200D 2640 FE0F
1F9D9 200D 2642 FE0F,1F9D9 1F3FB 200D 2642 FE0F,1F9D9 1F3FC 200D 2642 FE0F,1F9D9 1F3FD 200D 2642 FE0F,1F9D9 1F3FE 200D 2642 FE0F,1F9D9 1F3FF 200D 2642 FE0F
1F9DB,1F9DB 1F3FB,1F9DB 1F3FC,1F9DB 1F3FD,1F9DB 1F3FE,1F9DB 1F3FF
1F47C,1F47C 1F3FB,1F47C 1F3FC,1F47C 1F3FD,1F47C 1F3FE,1F47C 1F3FF
1F385,1F385 1F3FB,1F385 1F3FC,1F385 1F3FD,1F385 1F3FE,1F385 1F3FF
1F936,1F936 1F3FB,1F936 1F3FC,1F936 1F3FD,1F936 1F3FE,1F936 1F3FF
1F482,1F482 1F3FB,1F482 1F3FC,1F482 1F3FD,1F482 1F3FE,1F482 1F3FF
1F482 200D 2642 FE0F,1F482 1F3FB 200D 2642 FE0F,1F482 1F3FC 200D 2642 FE0F,1F482 1F3FD 200D 2642 FE0F,1F482 1F3FE 200D 2642 FE0F,1F482 1F3FF 200D 2642 FE0F
1F482 200D 2640 FE0F,1F482 1F3FB 200D 2640 FE0F,1F482 1F3FC 200D 2640 FE0F,1F482 1F3FD 200D 2640 FE0F,1F482 1F3FE 200D 2640 FE0F,1F482 1F3FF 200D 2640 FE0F
1F934,1F934 1F3FB,1F934 1F3FC,1F934 1F3FD,1F934 1F3FE,1F934 1F3FF
1F478,1F478 1F3FB,1F478 1F3FC,1F478 1F3FD,1F478 1F3FE,1F478 1F3FF
1F935,1F935 1F3FB,1F935 1F3FC,1F935 1F3FD,1F935 1F3FE,1F935 1F3FF
1F470,1F470 1F3FB,1F470 1F3FC,1F470 1F3FD,1F470 1F3FE,1F470 1F3FF
1F468 200D 1F680,1F468 1F3FB 200D 1F680,1F468 1F3FC 200D 1F680,1F468 1F3FD 200D 1F680,1F468 1F3FE 200D 1F680,1F468 1F3FF 200D 1F680
1F469 200D 1F680,1F469 1F3FB 200D 1F680,1F469 1F3FC 200D 1F680,1F469 1F3FD 200D 1F680,1F469 1F3FE 200D 1F680,1F469 1F3FF 200D 1F680
1F477,1F477 1F3FB,1F477 1F3FC,1F477 1F3FD,1F477 1F3FE,1F477 1F3FF
1F477 200D 2642 FE0F,1F477 1F3FB 200D 2642 FE0F,1F477 1F3FC 200D 2642 FE0F,1F477 1F3FD 200D 2642 FE0F,1F477 1F3FE 200D 2642 FE0F,1F477 1F3FF 200D 2642 FE0F
1F477 200D 2640 FE0F,1F477 1F3FB 200D 2640 FE0F,1F477 1F3FC 200D 2640 FE0F,1F477 1F3FD 200D 2640 FE0F,1F477 1F3FE 200D 2640 FE0F,1F477 1F3FF 200D 2640 FE0F
1F46E,1F46E 1F3FB,1F46E 1F3FC,1F46E 1F3FD,1F46E 1F3FE,1F46E 1F3FF
1F46E 200D 2642 FE0F,1F46E 1F3FB 200D 2642 FE0F,1F46E 1F3FC 200D 2642 FE0F,1F46E 1F3FD 200D 2642 FE0F,1F46E 1F3FE 200D 2642 FE0F,1F46E 1F3FF 200D 2642 FE0F
1F46E 200D 2640 FE0F,1F46E 1F3FB 200D 2640 FE0F,1F46E 1F3FC 200D 2640 FE0F,1F46E 1F3FD 200D 2640 FE0F,1F46E 1F3FE 200D 2640 FE0F,1F46E 1F3FF 200D 2640 FE0F
1F575 FE0F,1F575 1F3FB,1F575 1F3FC,1F575 1F3FD,1F575 1F3FE,1F575 1F3FF
1F575 FE0F 200D 2642 FE0F,1F575 1F3FB 200D 2642 FE0F,1F575 1F3FC 200D 2642 FE0F,1F575 1F3FD 200D 2642 FE0F,1F575 1F3FE 200D 2642 FE0F,1F575 1F3FF 200D 2642 FE0F
1F575 FE0F 200D 2640 FE0F,1F575 1F3FB 200D 2640 FE0F,1F575 1F3FC 200D 2640 FE0F,1F575 1F3FD 200D 2640 FE0F,1F575 1F3FE 200D 2640 FE0F,1F575 1F3FF 200D 2640 FE0F
1F468 200D 2708 FE0F,1F468 1F3FB 200D 2708 FE0F,1F468 1F3FC 200D 2708 FE0F,1F468 1F3FD 200D 2708 FE0F,1F468 1F3FE 200D 2708 FE0F,1F468 1F3FF 200D 2708 FE0F
1F469 200D 2708 FE0F,1F469 1F3FB 200D 2708 FE0F,1F469 1F3FC 200D 2708 FE0F,1F469 1F3FD 200D 2708 FE0F,1F469 1F3FE 200D 2708 FE0F,1F469 1F3FF 200D 2708 FE0F
1F468 200D 1F52C,1F468 1F3FB 200D 1F52C,1F468 1F3FC 200D 1F52C,1F468 1F3FD 200D 1F52C,1F468 1F3FE 200D 1F52C,1F468 1F3FF 200D 1F52C
1F469 200D 1F52C,1F469 1F3FB 200D 1F52C,1F469 1F3FC 200D 1F52C,1F469 1F3FD 200D 1F52C,1F469 1F3FE 200D 1F52C,1F469 1F3FF 200D 1F52C
1F468 200D 2695 FE0F,1F468 1F3FB 200D 2695 FE0F,1F468 1F3FC 200D 2695 FE0F,1F468 1F3FD 200D 2695 FE0F,1F468 1F3FE 200D 2695 FE0F,1F468 1F3FF 200D 2695 FE0F
1F469 200D 2695 FE0F,1F469 1F3FB 200D 2695 FE0F,1F469 1F3FC 200D 2695 FE0F,1F469 1F3FD 200D 2695 FE0F,1F469 1F3FE 200D 2695 FE0F,1F469 1F3FF 200D 2695 FE0F
1F468 200D 1F527,1F468 1F3FB 200D 1F527,1F468 1F3FC 200D 1F527,1F468 1F3FD 200D 1F527,1F468 1F3FE 200D 1F527,1F468 1F3FF 200D 1F527
1F469 200D 1F527,1F469 1F3FB 200D 1F527,1F469 1F3FC 200D 1F527,1F469 1F3FD 200D 1F527,1F469 1F3FE 200D 1F527,1F469 1F3FF 200D 1F527
1F468 200D 1F3ED,1F468 1F3FB 200D 1F3ED,1F468 1F3FC 200D 1F3ED,1F468 1F3FD 200D 1F3ED,1F468 1F3FE 200D 1F3ED,1F468 1F3FF 200D 1F3ED
1F469 200D 1F3ED,1F469 1F3FB 200D 1F3ED,1F469 1F3FC 200D 1F3ED,1F469 1F3FD 200D 1F3ED,1F469 1F3FE 200D 1F3ED,1F469 1F3FF 200D 1F3ED
1F468 200D 1F692,1F468 1F3FB 200D 1F692,1F468 1F3FC 200D 1F692,1F468 1F3FD 200D 1F692,1F468 1F3FE 200D 1F692,1F468 1F3FF 200D 1F692
1F469 200D 1F692,1F469 1F3FB 200D 1F692,1F469 1F3FC 200D 1F692,1F469 1F3FD 200D 1F692,1F469 1F3FE 200D 1F692,1F469 1F3FF 200D 1F692
1F468 200D 1F33E,1F468 1F3FB 200D 1F33E,1F468 1F3FC 200D 1F33E,1F468 1F3FD 200D 1F33E,1F468 1F3FE 200D 1F33E,1F468 1F3FF 200D 1F33E
1F469 200D 1F33E,1F469 1F3FB 200D 1F33E,1F469 1F3FC 200D 1F33E,1F469 1F3FD 200D 1F33E,1F469 1F3FE 200D 1F33E,1F469 1F3FF 200D 1F33E
1F468 200D 1F3EB,1F468 1F3FB 200D 1F3EB,1F468 1F3FC 200D 1F3EB,1F468 1F3FD 200D 1F3EB,1F468 1F3FE 200D 1F3EB,1F468 1F3FF 200D 1F3EB
1F469 200D 1F3EB,1F469 1F3FB 200D 1F3EB,1F469 1F3FC 200D 1F3EB,1F469 1F3FD 200D 1F3EB,1F469 1F3FE 200D 1F3EB,1F469 1F3FF 200D 1F3EB
1F468 200D 1F393,1F468 1F3FB 200D 1F393,1F468 1F3FC 200D 1F393,1F468 1F3FD 200D 1F393,1F468 1F3FE 200D 1F393,1F468 1F3FF 200D 1F393
1F469 200D 1F393,1F469 1F3FB 200D 1F393,1F469 1F3FC 200D 1F393,1F469 1F3FD 200D 1F393,1F469 1F3FE 200D 1F393,1F469 1F3FF 200D 1F393
1F468 200D 1F4BC,1F468 1F3FB 200D 1F4BC,1F468 1F3FC 200D 1F4BC,1F468 1F3FD 200D 1F4BC,1F468 1F3FE 200D 1F4BC,1F468 1F3FF 200D 1F4BC
1F469 200D 1F4BC,1F469 1F3FB 200D 1F4BC,1F469 1F3FC 200D 1F4BC,1F469 1F3FD 200D 1F4BC,1F469 1F3FE 200D 1F4BC,1F469 1F3FF 200D 1F4BC
1F468 200D 2696 FE0F,1F468 1F3FB 200D 2696 FE0F,1F468 1F3FC 200D 2696 FE0F,1F468 1F3FD 200D 2696 FE0F,1F468 1F3FE 200D 2696 FE0F,1F468 1F3FF 200D 2696 FE0F
1F469 200D 2696 FE0F,1F469 1F3FB 200D 2696 FE0F,1F469 1F3FC 200D 2696 FE0F,1F469 1F3FD 200D 2696 FE0F,1F469 1F3FE 200D 2696 FE0F,1F469 1F3FF 200D 2696 FE0F
1F468 200D 1F4BB,1F468 1F3FB 200D 1F4BB,1F468 1F3FC 200D 1F4BB,1F468 1F3FD 200D 1F4BB,1F468 1F3FE 200D 1F4BB,1F468 1F3FF 200D 1F4BB
1F469 200D 1F4BB,1F469 1F3FB 200D 1F4BB,1F469 1F3FC 200D 1F4BB,1F469 1F3FD 200D 1F4BB,1F469 1F3FE 200D 1F4BB,1F469 1F3FF 200D 1F4BB
1F468 200D 1F3A4,1F468 1F3FB 200D 1F3A4,1F468 1F3FC 200D 1F3A4,1F468 1F3FD 200D 1F3A4,1F468 1F3FE 200D 1F3A4,1F468 1F3FF 200D 1F3A4
1F469 200D 1F3A4,1F469 1F3FB 200D 1F3A4,1F469 1F3FC 200D 1F3A4,1F469 1F3FD 200D 1F3A4,1F469 1F3FE 200D 1F3A4,1F469 1F3FF 200D 1F3A4
1F468 200D 1F3A8,1F468 1F3FB 200D 1F3A8,1F468 1F3FC 200D 1F3A8,1F468 1F3FD 200D 1F3A8,1F468 1F3FE 200D 1F3A8,1F468 1F3FF 200D 1F3A8
1F469 200D 1F3A8,1F469 1F3FB 200D 1F3A8,1F469 1F3FC 200D 1F3A8,1F469 1F3FD 200D 1F3A8,1F469 1F3FE 200D 1F3A8,1F469 1F3FF 200D 1F3A8
1F468 200D 1F373,1F468 1F3FB 200D 1F373,1F468 1F3FC 200D 1F373,1F468 1F3FD 200D 1F373,1F468 1F3FE 200D 1F373,1F468 1F3FF 200D 1F373
1F469 200D 1F373,1F469 1F3FB 200D 1F373,1F469 1F3FC 200D 1F373,1F469 1F3FD 200D 1F373,1F469 1F3FE 200D 1F373,1F469 1F3FF 200D 1F373
1F473,1F473 1F3FB,1F473 1F3FC,1F473 1F3FD,1F473 1F3FE,1F473 1F3FF
1F473 200D 2642 FE0F,1F473 1F3FB 200D 2642 FE0F,1F473 1F3FC 200D 2642 FE0F,1F473 1F3FD 200D 2642 FE0F,1F473 1F3FE 200D 2642 FE0F,1F473 1F3FF 200D 2642 FE0F
1F473 200D 2640 FE0F,1F473 1F3FB 200D 2640 FE0F,1F473 1F3FC 200D 2640 FE0F,1F473 1F3FD 200D 2640 FE0F,1F473 1F3FE 200D 2640 FE0F,1F473 1F3FF 200D 2640 FE0F
1F9D5,1F9D5 1F3FB,1F9D5 1F3FC,1F9D5 1F3FD,1F9D5 1F3FE,1F9D5 1F3FF
1F472,1F472 1F3FB,1F472 1F3FC,1F472 1F3FD,1F472 1F3FE,1F472 1F3FF
1F476,1F476 1F3FB,1F476 1F3FC,1F476 1F3FD,1F476 1F3FE,1F476 1F3FF
1F9D2,1F9D2 1F3FB,1F9D2 1F3FC,1F9D2 1F3FD,1F9D2 1F3FE,1F9D2 1F3FF
1F466,1F466 1F3FB,1F466 1F3FC,1F466 1F3FD,1F466 1F3FE,1F466 1F3FF
1F467,1F467 1F3FB,1F467 1F3FC,1F467 1F3FD,1F467 1F3FE,1F467 1F3FF
1F9D1,1F9D1 1F3FB,1F9D1 1F3FC,1F9D1 1F3FD,1F9D1 1F3FE,1F9D1 1F3FF
1F468,1F468 1F3FB,1F468 1F3FC,1F468 1F3FD,1F468 1F3FE,1F468 1F3FF
1F469,1F469 1F3FB,1F469 1F3FC,1F469 1F3FD,1F469 1F3FE,1F469 1F3FF
1F9D3,1F9D3 1F3FB,1F9D3 1F3FC,1F9D3 1F3FD,1F9D3 1F3FE,1F9D3 1F3FF
1F474,1F474 1F3FB,1F474 1F3FC,1F474 1F3FD,1F474 1F3FE,1F474 1F3FF
1F475,1F475 1F3FB,1F475 1F3FC,1F475 1F3FD,1F475 1F3FE,1F475 1F3FF
1F468 200D 1F9B3,1F468 1F3FB 200D 1F9B3,1F468 1F3FC 200D 1F9B3,1F468 1F3FD 200D 1F9B3,1F468 1F3FE 200D 1F9B3,1F468 1F3FF 200D 1F9B3
1F469 200D 1F9B3,1F469 1F3FB 200D 1F9B3,1F469 1F3FC 200D 1F9B3,1F469 1F3FD 200D 1F9B3,1F469 1F3FE 200D 1F9B3,1F469 1F3FF 200D 1F9B3
1F468 200D 1F9B0,1F468 1F3FB 200D 1F9B0,1F468 1F3FC 200D 1F9B0,1F468 1F3FD 200D 1F9B0,1F468 1F3FE 200D 1F9B0,1F468 1F3FF 200D 1F9B0
1F469 200D 1F9B0,1F469 1F3FB 200D 1F9B0,1F469 1F3FC 200D 1F9B0,1F469 1F3FD 200D 1F9B0,1F469 1F3FE 200D 1F9B0,1F469 1F3FF 200D 1F9B0
1F471,1F471 1F3FB,1F471 1F3FC,1F471 1F3FD,1F471 1F3FE,1F471 1F3FF
1F471 200D 2642 FE0F,1F471 1F3FB 200D 2642 FE0F,1F471 1F3FC 200D 2642 FE0F,1F471 1F3FD 200D 2642 FE0F,1F471 1F3FE 200D 2642 FE0F,1F471 1F3FF 200D 2642 FE0F
1F471 200D 2640 FE0F,1F471 1F3FB 200D 2640 FE0F,1F471 1F3FC 200D 2640 FE0F,1F471 1F3FD 200D 2640 FE0F,1F471 1F3FE 200D 2640 FE0F,1F471 1F3FF 200D 2640 FE0F
1F468 200D 1F9B1,1F468 1F3FB 200D 1F9B1,1F468 1F3FC 200D 1F9B1,1F468 1F3FD 200D 1F9B1,1F468 1F3FE 200D 1F9B1,1F468 1F3FF 200D 1F9B1
1F469 200D 1F9B1,1F469 1F3FB 200D 1F9B1,1F469 1F3FC 200D 1F9B1,1F469 1F3FD 200D 1F9B1,1F469 1F3FE 200D 1F9B1,1F469 1F3FF 200D 1F9B1
1F468 200D 1F9B2,1F468 1F3FB 200D 1F9B2,1F468 1F3FC 200D 1F9B2,1F468 1F3FD 200D 1F9B2,1F468 1F3FE 200D 1F9B2,1F468 1F3FF 200D 1F9B2
1F469 200D 1F9B2,1F469 1F3FB 200D 1F9B2,1F469 1F3FC 200D 1F9B2,1F469 1F3FD 200D 1F9B2,1F469 1F3FE 200D 1F9B2,1F469 1F3FF 200D 1F9B2
1F9D4,1F9D4 1F3FB,1F9D4 1F3FC,1F9D4 1F3FD,1F9D4 1F3FE,1F9D4 1F3FF
1F574 FE0F,1F574 1F3FB,1F574 1F3FC,1F574 1F3FD,1F574 1F3FE,1F574 1F3FF
1F483,1F483 1F3FB,1F483 1F3FC,1F483 1F3FD,1F483 1F3FE,1F483 1F3FF
1F57A,1F57A 1F3FB,1F57A 1F3FC,1F57A 1F3FD,1F57A 1F3FE,1F57A 1F3FF
1F9D1 200D 1F91D 200D 1F9D1,1F9D1 1F3FB 200D 1F91D 200D 1F9D1 1F3FB,1F9D1 1F3FC 200D 1F91D 200D 1F9D1 1F3FC,1F9D1 1F3FD 200D 1F91D 200D 1F9D1 1F3FD,1F9D1 1F3FE 200D 1F91D 200D 1F9D1 1F3FD,1F9D1 1F3FE 200D 1F91D 200D 1F9D1 1F3FE,1F9D1 1F3FF 200D 1F91D 200D 1F9D1 1F3FF,1F9D1 1F3FF 200D 1F91D 200D 1F9D1 1F3FB,1F9D1 1F3FF 200D 1F91D 200D 1F9D1 1F3FC,1F9D1 1F3FF 200D 1F91D 200D 1F9D1 1F3FD,1F9D1 1F3FF 200D 1F91D 200D 1F9D1 1F3FE,1F9D1 1F3FE 200D 1F91D 200D 1F9D1 1F3FB,1F9D1 1F3FE 200D 1F91D 200D 1F9D1 1F3FC,1F9D1 1F3FD 200D 1F91D 200D 1F9D1 1F3FB,1F9D1 1F3FD 200D 1F91D 200D 1F9D1 1F3FC,1F9D1 1F3FC 200D 1F91D 200D 1F9D1 1F3FB
1F46D,1F46D 1F3FB,1F469 1F3FC 200D 1F91D 200D 1F469 1F3FB,1F46D 1F3FC,1F469 1F3FD 200D 1F91D 200D 1F469 1F3FB,1F469 1F3FD 200D 1F91D 200D 1F469 1F3FC,1F46D 1F3FD,1F469 1F3FE 200D 1F91D 200D 1F469 1F3FB,1F469 1F3FE 200D 1F91D 200D 1F469 1F3FC,1F469 1F3FE 200D 1F91D 200D 1F469 1F3FD,1F46D 1F3FE,1F469 1F3FF 200D 1F91D 200D 1F469 1F3FB,1F469 1F3FF 200D 1F91D 200D 1F469 1F3FC,1F469 1F3FF 200D 1F91D 200D 1F469 1F3FD,1F469 1F3FF 200D 1F91D 200D 1F469 1F3FE,1F46D 1F3FF
1F46C,1F46C 1F3FB,1F468 1F3FC 200D 1F91D 200D 1F468 1F3FB,1F46C 1F3FC,1F468 1F3FD 200D 1F91D 200D 1F468 1F3FB,1F468 1F3FD 200D 1F91D 200D 1F468 1F3FC,1F46C 1F3FD,1F468 1F3FE 200D 1F91D 200D 1F468 1F3FB,1F468 1F3FE 200D 1F91D 200D 1F468 1F3FC,1F468 1F3FE 200D 1F91D 200D 1F468 1F3FD,1F46C 1F3FE,1F468 1F3FF 200D 1F91D 200D 1F468 1F3FB,1F468 1F3FF 200D 1F91D 200D 1F468 1F3FC,1F468 1F3FF 200D 1F91D 200D 1F468 1F3FD,1F468 1F3FF 200D 1F91D 200D 1F468 1F3FE,1F46C 1F3FF
1F46B,1F46B 1F3FB,1F469 1F3FB 200D 1F91D 200D 1F468 1F3FC,1F469 1F3FB 200D 1F91D 200D 1F468 1F3FD,1F469 1F3FB 200D 1F91D 200D 1F468 1F3FE,1F469 1F3FB 200D 1F91D 200D 1F468 1F3FF,1F469 1F3FC 200D 1F91D 200D 1F468 1F3FB,1F46B 1F3FC,1F469 1F3FC 200D 1F91D 200D 1F468 1F3FD,1F469 1F3FC 200D 1F91D 200D 1F468 1F3FE,1F469 1F3FC 200D 1F91D 200D 1F468 1F3FF,1F469 1F3FD 200D 1F91D 200D 1F468 1F3FB,1F469 1F3FD 200D 1F91D 200D 1F468 1F3FC,1F46B 1F3FD,1F469 1F3FD 200D 1F91D 200D 1F468 1F3FE,1F469 1F3FD 200D 1F91D 200D 1F468 1F3FF,1F469 1F3FE 200D 1F91D 200D 1F468 1F3FB,1F469 1F3FE 200D 1F91D 200D 1F468 1F3FC,1F469 1F3FE 200D 1F91D 200D 1F468 1F3FD,1F46B 1F3FE,1F469 1F3FE 200D 1F91D 200D 1F468 1F3FF,1F469 1F3FF 200D 1F91D 200D 1F468 1F3FB,1F469 1F3FF 200D 1F91D 200D 1F468 1F3FC,1F469 1F3FF 200D 1F91D 200D 1F468 1F3FD,1F469 1F3FF 200D 1F91D 200D 1F468 1F3FE,1F46B 1F3FF
1F930,1F930 1F3FB,1F930 1F3FC,1F930 1F3FD,1F930 1F3FE,1F930 1F3FF
1F931,1F931 1F3FB,1F931 1F3FC,1F931 1F3FD,1F931 1F3FE,1F931 1F3FF
1F443,1F443 1F3FB,1F443 1F3FC,1F443 1F3FD,1F443 1F3FE,1F443 1F3FF
